:020000040800F2
:100000004043002079020008854B0008E1480008C1
:10001000814B0008D5110008E959000800000000D4
:10002000000000000000000000000000C54F0008B4
:10003000D911000800000000894B0008C94F0008D2
:10004000930200089302000893020008694D00081B
:10005000930200089302000893020008930200082C
:10006000930200089302000893020008930200081C
:10007000930200089302000893020008930200080C
:1000800093020008930200089302000893020008FC
:1000900093020008930200089302000893020008EC
:1000A00093020008930200089302000893020008DC
:1000B0009302000800000000000000009302000806
:1000C00093020008930200089302000893020008BC
:1000D0009302000893020008DD590008930200080B
:1000E00093020008930200080000000000000000D6
:1000F0000000000000000000000000000000000000
:1001000000000000930200080000000093020008B5
:1001100000000000000000009302000893020008A5
:10012000930200089302000893020008930200085B
:100130009302000800000000000000000000000022
:10014000930200089302000893020008930200083B
:10015000930200089302000893020008930200082B
:1001600093020008930200089302000800000000B8
:10017000930200089302000893020008930200080B
:1001800093020008930200089302000800F002F8AE
:1001900000F063F814A696E8000CB244B344DA45C4
:1001A00001D100F05AF8BAE80F000FA696E8300027
:1001B000A5EB040504EB0607AAEB0704A7F101076A
:1001C0004FEA15154FEA3414A4F10104AC4201D3EF
:1001D00000F043F813F0010F18BFFB1A43F00103BE
:1001E00000F001F8DBE7184794DD0000B4DD000003
:1001F000103A24BF78C878C1FAD8520724BF30C853
:1002000030C144BF04680C607047000070470000B4
:100210000023002400250026103A28BF78C1FBD80F
:10022000520728BF30C148BF0B607047642900F0F7
:100230002B81732900F0B283002070471FB50DF0A9
:1002400009FD00F0FBFD0400002000210DF0ECFC96
:10025000401C60601FBD10B510BD00F0B7FD114619
:10026000FFF7ECFF07F006FD00F0DEFD03B4FFF73B
:10027000F2FF03BC00F0E6FD09488047094800474B
:10028000FEE7FEE7FEE7FEE7FEE7FEE7FEE7FEE746
:10029000FEE7FEE704480549054A064B70470000A3
:1002A000A95000088D010008403D00204043002077
:1002B000403F0020403F002053EA020C00F06980DC
:1002C0002DE9F04B4FF00006002B1FBFB3FA83F56A
:1002D00003FA05F424FA05F65E4012BF1643B2FA9B
:1002E00082F502FA05F4C5F120051EBF22FA05FCCD
:1002F00044EA0C04203556EA044C4FEA144418BF73
:10030000641C4FF000084FF00009904271EB030CA1
:1003100039D3002919BFB1FA81F701FA07F6B0FA0B
:1003200080F700FA07F6C7F120071EBF20FA07FC86
:1003300046EA0C062037B6FBF4FCA7EB0507103F96
:1003400007F01F0BCBF120062CFA06F60CFA0BFB7C
:1003500044BFB3460026202FA4BF5E464FF0000BDB
:100360005BEA060C08BF4FF0010B19EB0B0948EBD9
:100370000608ABFB027C06FB02CC0BFB03CCC01BCC
:1003800071EB0C01C1E70B46024641464846BDE809
:10039000F08B13B5084318BF4FF0FF300146AFF3A1
:1003A0000080BDE81C4070470FB41CB50C0007AAC4
:1003B000009007D04142A14202D32044401E01E0F8
:1003C0004FF0FF30074B7B4469460190069800F0E0
:1003D000B8FA0021002C01D0009A11701CBC5DF805
:1003E00014FB00009F05000070B504468569006895
:1003F000C10601D5302600E02026C00707D070BD19
:10040000D4E9012130469047206A401C20626D1ECD
:10041000F6D570BD70B5044685690078C00707D170
:1004200070BDD4E9012120209047206A401C206241
:100430006D1EF6D570BD70B50C460546012A05D077
:100440002878800600D5EA69002302E0012305E050
:100450005B1C934202D2E05C0028F9D1A869E6183F
:10046000C01AA861286A184428622846FFF7BCFF12
:1004700004E0D5E9012114F8010B9047B442F8D308
:100480002846FFF7C7FF70BD2DE9F041064600245E
:1004900010687529314616A510D0AFF300800028EA
:1004A00002DA404213A507E031688A0701D512A598
:1004B00002E0490704D511A5012401E0AFF3008053
:1004C00000210A2206F1240709E0B0FBF2FCB0FB90
:1004D000F2F302FB1C00303078541846491C002807
:1004E000F3D123462A463046BDE8F04100F0CBB9AF
:1004F000000000002D0000002B0000002000000084
:100500002DE9F05F894604464FF0000ADFF824B178
:10051000FB44C0F820A02046E168884700287DD031
:10052000252806D0D4E901219047206A401C20628A
:10053000F1E700255F462046E16888472028064607
:1005400007DB312E05D2B81910F8200C08B105438D
:10055000F1E7A80701D525F00405C4F81CA0002781
:10056000C4F818A02A2E09D030460DF055FB38B338
:1005700004EB8708303EC8F8186019E059F8041BEE
:10058000204604EB87029161E1688847012F064607
:1005900018D1E069002820DA25F020051DE0D8F800
:1005A000180000EB800006EB40003038C8F8180057
:1005B0002046E168884706460DF02EFB0028EED164
:1005C000012F0AD02E2E08D12046E16888477F1CD3
:1005D0000646022F45F02005C4DBA069002803DA97
:1005E000404245F00105A061E80701D025F0100563
:1005F000A6B1A6F14100192802D8203645F40065BD
:100600004A463146204625604D46FFF70FFE60B151
:10061000012807D0ED1D25F0070000E007E000F1FC
:10062000080978E705F1040975E730467AE7206A9A
:1006300000F002B85AD7000030BCBDE8C09F0000EF
:100640000FB400B58DB010A9099000910B904FF038
:10065000FF300A9000200C90064878440690064827
:1006600078446A4607900F9909A800F0AFF90DB0D9
:100670005DF814FB8F030000A70300002DE9FF5F66
:100680001D464FF0FF3B91464FF000085F46D5E90D
:100690000146A96901987F1C8847296A82468847D4
:1006A0000028F6D1BAF1FF3F0CD0002E24F4C0642C
:1006B00019DD600614D5BAF12B0F09D0BAF12D0F50
:1006C0000ED103E0584604B000F07EB844F48064D4
:1006D000A96901987F1C8847761E8246002E02DD9C
:1006E000BAF1300F03D0B9F1000F26D032E0A9697A
:1006F000761E01987F1C44F400748847002E8246C1
:1007000005DDBAF1780F06D0BAF1580F03D0B9F170
:10071000000F10D01EE0B9F1000F02D0B9F1100F98
:1007200018D1A969761E01987F1C24F400748847AB
:100730008246102002E0082000E00A20814609E0FD
:10074000A96908FB0908761E01987F1C44F400740F
:1007500088478246002E05DD4946504600F022F9C2
:100760000028EDDAE96901988847A00502D46FF006
:100770000100A8E7E00725D1600613D5600502D582
:10078000C8F1000000E0404629680A1D2A60096897
:10079000220501D5087015E0220701D5088011E077
:1007A00008600FE02868011D29600068210502D556
:1007B00080F8008006E0210702D5A0F8008001E063
:1007C000C0F8008038467EE730BCBDE8C09F10B559
:1007D000431C02E010F8011B71B18107FAD14FF000
:1007E000013202C88C1A8C4314EAC211F9D0C01A23
:1007F0000A0603D0C01E10BDC01A10BD0A0401D0E5
:10080000801E10BD0902FCD0401E10BD02F0FF0387
:1008100043EA032242EA024200F002B84FF000022B
:1008200000B5134694469646203922BFA0E80C50E6
:10083000A0E80C50B1F12001BFF4F7AF090728BFC1
:10084000A0E80C5048BF0CC05DF804EB890028BF3D
:1008500040F8042B08BF704748BF20F8022B11F066
:10086000804F18BF00F8012B7047704770477047E2
:1008700010B500F0DBF8006810BD10B5044600F0BC
:10088000D5F8046010BD2DE9F0470D469946924613
:10089000044600F124080168880604D5E06921F0C7
:1008A0001001216000E00120A84201DD471B00E0AB
:1008B0000027A1697A1902EB0900081AA0612078C3
:1008C000C00602D42046FFF78FFD002608E0D4E9D9
:1008D00001211AF806009047206A401C761C20620D
:1008E0004E45F4DB2078C0060AD52046FFF77CFD94
:1008F00006E0D4E9012130209047206A401C2062A4
:10090000381EA7F10107F4DC07E0D4E9012118F84B
:1009100005009047206A401C2062281EA5F10105B1
:10092000F3DC2046FFF776FD2078000602D5022092
:10093000BDE8F0870120FBE701694A1C02610878E5
:10094000704700B58FB0CDE901310021059105490F
:100950007944CDE9031011466846FFF7D1FD0FB089
:1009600000BD0000E5FFFFFFD1E900239A4202D25B
:10097000531C0B601070704710B5436913B1AFF38F
:10098000008001E0FFF757FD012010BD127800F153
:1009900024010A7000224A700122EDE711684FF02D
:1009A000FF32E9E73A2800D2303820F02002412A0D
:1009B00001D3A2F13700884201D34FF0FF307047D6
:1009C000026811441378016018467047D1600549E8
:1009D0007944516104497944116200211161114641
:1009E00000F032B8EDFFFFFF5B000000426842B14B
:1009F000016811F8013B23B1521EC0E900121846EC
:100A000070470121C160881E704742685AB1C368AF
:100A1000016843B983688B4205D0491E521CC0E966
:100A20000012002070474FF0FF30704700487047B9
:100A30001800002010B5044600F0EEF90068005DD3
:100A400000F0010010BD00002DE9F34F4FF0000A47
:100A50000C4656468DB001200C9001F10C000B9015
:100A600062690B9801219047051E2DD0252D2CD0B1
:100A7000216A8847C0B162690B9801219047216AB9
:100A800088470028F7D16269411E0B98904700E023
:100A9000761CA1690D988847216A88470028F7D1FC
:100AA000E1690D988847DBE7A1690D988847A8425E
:100AB000074601D1761CD3E7E1690D9888477F1C72
:100AC00002D1BAF1000F6FD06BE162690B98002779
:100AD0003D46394690472A2804D162690B98012186
:100AE00090470125DFF8D08262690B980121904779
:100AF000A0F130010A290AD24745E5DC07EB87015E
:100B000000EB4107303FDFD445F01005ECE7E90684
:100B100001D46FF000476C280AD04C2814D0682804
:100B200015D06A280DD074281CD07A281AD01DE060
:100B300062690B98012190476C2802D045F00405AA
:100B400014E045F002050DE045F020050AE0626979
:100B50000B9801219047682802D045F0080505E070
:100B600045F4006562690B9801219047C4E901577B
:100B700065283DD019DC58287AD00CDC452837D0C0
:100B800004DC252826D041289ED131E046282FD0EC
:100B9000472899D12CE05B2877D0612828D063289A
:100BA0007CD0642823D15AE0F6E06F2848D008DCD6
:100BB00066281DD067281BD0692821D06E2816D141
:100BC00027E0702845D0732868D0752847D078284A
:100BD0000DD14DE0A1690D988847252805463FF4C1
:100BE00069AFE1690D9888476D1C3FF46AAFD8E0A2
:100BF0000D9923466A466FF00100AFF30080C5E00F
:100C000045F0400023464FF000026060A80736D44C
:100C10003EE0E8077FF447AF2068011D21600068CF
:100C2000290501D506701BE7290701D5068017E7BE
:100C3000A90703D5F117C0E9006111E706600FE7C6
:100C400045F0400023464FF008026060A80716D424
:100C50001EE040F60E0125EA0100606016E045F056
:100C6000400023464FF00A026060A80707D40FE057
:100C700045F040006060A80708D5234610220D9972
:100C80006FF00100AFF3008080E007E01022234600
:100C90000D996FF00100FFF7F1FC77E04FF00009CC
:100CA00063284F46C8464B46CB4602D05B2806D049
:100CB00038E0E80601D40120A060012732E0626933
:100CC000D4F80CB00B98012190475E2807D14FF063
:100CD000010949466269D4F80CB00B989047216924
:100CE00039B900210A4603AB43F82120491C0829E1
:100CF000FADBD8B3216949B308F1010862690B989E
:100D0000012190475D28F4D1B9F1000F09D00020EE
:100D100003A951F82020D24341F82020401C082884
:100D2000F7DB03AB2069002820794FEA40701ED022
:100D30005B462246CDF80080CDE901970D99002849
:100D40006FF0010020DAAFF300801FE0C11703AAA3
:100D500000EBD1614B1121F01F0102EB8302411A1C
:100D600013680120884003431360C7E719E00D9919
:100D7000224600286FF00100009702DAAFF30080EE
:100D800004E0AFF3008001E0AFF3008000280ADA4E
:100D9000401C06D10C9820B14FF0FF300FB000F08E
:100DA0000DB85046FAE7E90701D10AF1010A0644F5
:100DB00000200C9054E60000CCCCCC0C30BCBDE83C
:100DC000C08F000000487047180000207546FFF7EC
:100DD000F9FFAE4605006946534620F007008546F8
:100DE00018B020B5FFF756FABDE820404FF00006D6
:100DF0004FF000074FF000084FF0000BAC46ACE896
:100E0000C009ACE8C009ACE8C009ACE8C00921F0F1
:100E100007018D467047000010B500F00FF8001D67
:100E200010BD00BF05CE000010B50446AFF3008032
:100E30002046BDE81040FFF719BA0000004870478F
:100E40003800002001491820ABBEFEE72600020052
:100E500030B44FF0013C50F8042B51F8043BCCFA6D
:100E600052F4D51A20D1FCB950F8042B51F8043BA8
:100E7000CCFA52F4D51A17D1B4B950F8042B51F862
:100E8000043BCCFA52F4D51A0ED16CB950F8042BAD
:100E900051F8043BCCFA52F4D51A05D1002CDAD023
:100EA00030BC4FF00000704729BAB1FA81F111F05F
:100EB0001801D1F120008440F2D1CA40CB4012F099
:100EC000FF0213F0FF0330BCD01A704770470000D8
:100ED00070B5044600688268836802F0040203F07B
:100EE0000803D21800F0BA80C26892016ED5627E03
:100EF000012A6BD1227E012A68D10168490661D49A
:100F00000121CAF24031026852065BD402685206DF
:100F100058D4026852065CBF02685FEA426251D44C
:100F2000026852065CBF02685FEA42624AD4026805
:100F300052065CBF02685FEA426243D4026852060E
:100F40005CBF02685FEA42623CD4026852065CBF42
:100F500002685FEA426235D4026852065CBF0268EA
:100F60005FEA42622ED4026852065CBF02685FEA02
:100F7000426227D4026852065CBF02685FEA42629E
:100F800020D4026852065CBF02685FEA426219D44C
:100F9000026852065CBF02685FEA426212D40268CD
:100FA00052065CBF02685FEA42620BD402685206D6
:100FB0005CBF02685FEA426204D41B3944D0026815
:100FC0005206A0D540210160012105E0022903D18C
:100FD0000221082612E000BF826852070AD5826803
:100FE000920707D482684FF6C073C7F6FF731A40A2
:100FF0001032826001294FF0040610D08268120777
:101000000AD58268920707D482684FF6C073C7F684
:10101000FF731A4020328260032908BF0C2600F0BB
:1010200053FE21688968314218D0054603E000BFAD
:101030008068304212D000F047FE411B206806292C
:10104000F6D381683142F3D0606D40F010006065E6
:10105000A06D40F00100A065012070BD002070BDB2
:10106000B0B5016804468A688868C0074FF0000080
:1010700031D012F0020218BFB0BD886800F00D0038
:1010800001281FD188684FF6C072C7F6FF72104062
:10109000023088600320086000F016FE216889682D
:1010A000C90704BF0020B0BD054602E08068C00744
:1010B00012D000F009FE411B20680329F6D3816895
:1010C000C907F3D0606D40F010006065A06D40F07E
:1010D0000100A0650120B0BD0020B0BD70B582B098
:1010E00004460020019021688A68D20711D14FF68A
:1010F000C076C7F6FF76886806F17F0210420BD0F3
:10110000606D40F010006065A06D40F00100A065CA
:10111000012002B070BD00BF8868304040F001007F
:10112000886040F20830C5F204000068000221D453
:1011300000F0CAFD21680A68D20717D1054602E00F
:101140000868C00712D18868C00704D18868304099
:1011500040F00100886000F0B7FD401B21680328C3
:10116000EED30868C007EBD1CAE700BF002002B089
:1011700070BD00BF40F21400C2F20000006842F6E9
:1011800063518009C0F23E51A0FB0101880900EBC8
:1011900040000C2101EB8000019001980028C7D08D
:1011A00001980138019001980028C1D001980138B8
:1011B000019001980028BBD0019801380190019856
:1011C0000028B5D001980138019001980028E7D196
:1011D000AEE70000FEE7000070470000B0B582B047
:1011E00004460020019094F85000012802D102200A
:1011F00002B0B0BD012084F8500020460D46FFF734
:101200002FFF616D10B141F010014BE041F202126D
:1012100091430231616521684FF6C073D1F808C06F
:10122000C3F6FF7303EA0C0305F0804548F2FF7232
:101230002B44C0F2040203F100438B608B68B3F1CE
:10124000FF3F2BDC019B01330193019B93421DD88F
:101250008B68B3F1FF3F21DC019B01330193019BBC
:10126000934213D88B68B3F1FF3F17DC019B013326
:101270000193019B934209D88B68B3F1FF3F0DDCCA
:10128000019B01330193019B9342D7D9606D40F0DC
:10129000100020F00201012004E000BF616D012276
:1012A00062F301016165002184F8501002B0B0BD05
:1012B000F0B581B00022009290F85020012A03D1AD
:1012C0000221084601B0F0BD0123076880F85030C4
:1012D000BB685B0700F19A804B68052B07D8023B7F
:1012E000032B9ABFC5A555F8233006234B60C3F3E3
:1012F000012407EB84040D68226B03F01F031F26F3
:101300009E40B243C5F3846606FA03F31A43226390
:10131000BA68BB6802F0040203F00803D21840F078
:1013200090800A688B68C2F3406607EB8606756991
:10133000C2F3045207249440A54303FA02F22A435D
:101340007261D1E90435FC68042B65D13A6E3A6EBE
:101350000B68C2F3846293FAA3F6C3F3846C6FF351
:10136000DF43B6FA86F5002B2C464FF6FF7E08BF0A
:101370006446A242C0F2070E0CD13A6E22F000423F
:101380003A660A6802EA0E03C2F3846C92FAA2F289
:10139000B2FA82F57A6E7A6E002BC2F384622C4622
:1013A00008BF6446A2420CD17A6E22F000427A66EF
:1013B0000A6802EA0E03C2F3846C92FAA2F2B2FA4D
:1013C00082F5BA6EBA6E002BC2F384622C4608BF57
:1013D0006446A2420CD1BA6E22F00042BA660A6894
:1013E00002EA0E03C2F3846C92FAA2F2B2FA82F518
:1013F000FA6EFA6E002BC2F3846208BF6546AA42F9
:101400001FD1FA6E22F00042FA661AE0416D41F0F7
:10141000200141650121EAE0062202EA94020E68F9
:1014200007EB830305FA02F21D6E4FF20004C0F2CF
:10143000FF3406F0F846254032432A4342F000428A
:101440001A66BA680D68D20750D1CA68D7F8B0607A
:101450002B466FF3DF4326EA030C4FF6FF7602F0CC
:101460001804C0F20706E64000242E40C4F27F04B0
:1014700046EA0C06A242C7F8B06037D193B195FA9C
:10148000A5F2B2FA82F2013202F01E03092B02F039
:101490001F0310D801229A4003EB430342EA03538F
:1014A00015E000BF012202EB956202F01E030A2B39
:1014B00002F01F03EED3012200269A4003EB430300
:1014C000CFF6206606EB03531A4342F00073C3F3D2
:1014D000406607EB86068A687569C3F304530724E0
:1014E0009C40A5439A402A4372610D680021C8F2CE
:1014F00008010D427AD040F2083CC5F2040CDCF839
:1015000000400021CCF252718D4204F0E07E08BF11
:1015100014F4000116D00021CCF684318D424DD157
:101520000021B1EB1E6F49D1ACF542718F425DD104
:10153000DCF8001021F0E07141EA0E0141F0807109
:1015400052E000BFACF542718F424FD1DCF8001081
:1015500042F6635221F0E07141EA0E0141F40001CC
:10156000CCF8001040F21401C2F200010968C0F288
:101570003E528909A1FB0212910901EB41010C22A3
:1015800002EB81010091009981B30099013900912A
:10159000009959B3009901390091009931B300992C
:1015A00001390091009909B300990139009100991E
:1015B00000294FF00001E8D119E000BFACF54271FD
:1015C0008F424FF0000112D10122C8F20002954271
:1015D00008BF14F480020AD1DCF8001021F0E07199
:1015E00041EA0E0141F48001CCF8001000210022F4
:1015F00080F85020084601B0F0BD00BF0C0000008C
:101600001200000018000000000100000068006CDB
:1016100070470000B0B582B000210028019155D07C
:10162000416D39B9044600F0E9F820460021A16572
:1016300084F850100268916889004FF6C071C5F6B1
:10164000FF7102D593680B4093609368DB002ED442
:10165000936801F18051194041F08051916040F24E
:101660001401C2F20001096842F663538909C0F20D
:101670003E53A1FB03139909022303EB410101919E
:101680000199A1B1019901390191019979B10199AA
:1016900001390191019951B10199013901910199E2
:1016A00029B101990139019101990029EAD1916883
:1016B000C90011D4416D4FF0010E41F01001416598
:1016C000816D41F00101816508E000BF4FF0010E1E
:1016D000704602B0B0BD00BF4FF0000E9368446D7D
:1016E00003F0040304F010041B19436D68D123F4C4
:1016F0008173023343659368DB0712D140F20833EC
:101700004FF60054C5F20403CFF6FF741C59E407EA
:1017100007D1D0F804C01C6824F47C1444EA0C04FB
:101720001C60437E446BD0E902C144EA4333194351
:1017300090F8203041EA0C01012B41EA034306D125
:10174000416A0024CFF6FE7404EB41410B43846AE6
:1017500024B1C16A04F4707421430B43D1684CF284
:101760000704CFF6F07421401943D1609168936863
:1017700001F0040103F00803C9182CD190F83030AF
:10178000017E5B0090F838C043EA8131D36844F2AF
:101790000204A3431943D1601369BCF1010F17D1AF
:1017A00040F2FD7123EA010CD0E90F34D0E91115A4
:1017B00043EA0C0323431943294341F0010309E0A1
:1017C00043F010024FF0010E4265704602B0B0BD0A
:1017D00023F0010313610169136B012923F00F0347
:1017E00002D1C16901390B431363426D012161F3D9
:1017F00001024265704602B0B0BD000070470000B3
:101800002DE9F041D0F814800446B8F1080F0D46D8
:1018100002D1082705E000BF2068C068C0075FD17B
:10182000042700F051FA21680A683A4226D0606D18
:1018300040F400706065C86810F4406F0FD1607E9E
:1018400068B9086800070AD5606D20F4807060658B
:10185000606DC00403D4606D40F001006065C8682D
:10186000B8F1080F02D1082003E000BF400401D402
:101870000C2008600020BDE8F08100BF0646681C0F
:1018800029D065B900F020FA2168086838420FD0E5
:1018900008683842F6D0CAE708683842C7D100F075
:1018A00013FA801B2168A842F6D908683842F3D1A0
:1018B000606D40F004006065002084F85000032053
:1018C000BDE8F08108683842B1D108683842AED12D
:1018D00008683842ABD108683842F3D0A7E700BFA8
:1018E000606D40F0200060650120BDE8F0810000DF
:1018F00010B501688968490703D490F85010012990
:1019000002D1022010BD00BF012180F85010044612
:10191000FFF7E4FB20B1002084F85000012010BD47
:10192000616D40F60172914301F580716165616DF1
:101930002046C9044FF0000144BF816D21F006012B
:101940008165016800221C230B6080F85020CA6862
:10195000920104D5426D012363F30D32426588681C
:101960004FF6C072C7F6FF72104004308860002046
:1019700010BD0000B0B5044690F85000012804BF27
:101980000220B0BD01252046032184F85050FFF706
:101990009FFA28B1002084F850002846B0BD00BF4F
:1019A000206881688268D20717D011F0020114D133
:1019B000816801F00D01012926D181684FF6C072BE
:1019C000C7F6FF721140023181600321016000F00F
:1019D0007BF921688968C90708D1204650F8541F4F
:1019E00041F201129143002516E000BF054602E0D6
:1019F0008068C007F1D000F067F9411B2068032917
:101A0000F6D38168C907F3D0606D012540F010005E
:101A10006065204650F8581F41F001010160002028
:101A200084F850002846B0BD42F20400CEF2040013
:101A3000016821F00201016070470000014690F842
:101A40002500022818D10868D1E910C3026822F0E5
:101A50000E020260026822F00102026003F01C0024
:101A6000012202FA00F0CCF8040081F825200020C1
:101A7000002281F8242070470420C863012000223E
:101A800081F824207047000090F82510022921D108
:101A900080B50268D0F838C0D0E910E1136801F0D1
:101AA0001C0123F00E0313601368BCF1000F23F038
:101AB000010313604FF0010202FA01F1CEF80410A5
:101AC0004FF0000180F8252080F8241018BFE0476F
:101AD000002080BD0421C16301207047B0B50446D9
:101AE00000F0F2F8054640F20C00C2F20000007867
:101AF000611C18BF044400BF00F0E6F8401BA04280
:101B0000FAD3B0BD2DE9F04F83B00E68002E00F07F
:101B1000CF8000F1200241F2000C009200F1384722
:101B2000C4F6000C07224FEAB725604508BF04221F
:101B3000042D38BF4FEAB722002500274FF00008D8
:101B400001920AE00E6808F1010836FA08F207F17E
:101B5000020705F1040500F0AB80012202FA08FE3D
:101B600016EA0E09EED0D1F804C003220CF0030BE4
:101B7000ABF1010602FA07F4012E6FEA040A11D84C
:101B80008468CE6804EA0A04BE4034438460446832
:101B900024EA0E06CCF3001404FA08F42643466047
:101BA00006E000BFBBF1030F02D14FF0030B21E0B1
:101BB000C6688C6806EA0A06BC402643BBF1020FE1
:101BC000C66017D16FF00302009B02EA580605F0C9
:101BD0001C020F2453F806C004FA02FE0C692CEA1A
:101BE0000E0C04FA02F242EA0C029A51D1F804C037
:101BF0000CF0030B02680BFA07F302EA0A021A431D
:101C00001CF4403F02609DD041F26003C4F2020325
:101C10001A6840F2004E42F001021A601A68C4F2DB
:101C2000010E02F001020292029A28F003024FF61E
:101C3000084C7244CFF6FF7C52F80C3005F00C06CD
:101C40000F24B440A343019C04FA06F6334342F840
:101C50000C30DEF808204B6842EA090640F20C4CD2
:101C6000DC0258BF22EA0906CEF80860C4F2010C73
:101C7000DCF800209C0242EA090658BF22EA090665
:101C8000CCF80060DEF804209C0342EA090658BF45
:101C900022EA0906CEF80460DEF80020DB0342EAFF
:101CA000090658BF22EA0906CEF800604AE700BFDD
:101CB00003B000F000B830BCBDE8C08F1823002A84
:101CC00008BF2823C150704743F63850C2F20000C5
:101CD0000068704790F84120202A03D190F84020F6
:101CE000012A01D102207047242280F84120026895
:101CF000136823F001031360136823F48053136007
:101D0000136819431160116841F00101116020212D
:101D100080F84110002180F840100020704700003A
:101D200090F84120202A03D190F84020012A01D1C7
:101D300002207047242280F841200268136823F0B3
:101D400001031360136823F4706343EA01211160F7
:101D5000116841F001011160202180F8411000213B
:101D600080F8401000207047002804BF0120704711
:101D700010B590F8411031B9002180F840100446A8
:101D800000F03EFA2046242180F8411090E812101D
:101D9000C3680A68012B22F001020A6024F0706215
:101DA0000A618A6822F400428A6003D14CF400423E
:101DB0008A6007E04CF40442022B8A6004BF4FF4AF
:101DC00000624A604A6800F1100C42F0007242F46E
:101DD00000424A60CA6822F40042CA609CE81C10B3
:101DE0001A4342EA0422CA60026A42EA0C020A600A
:101DF0000A6842F001020A6000212022416480F852
:101E00004120016380F84210002010BD2DE9F04F01
:101E100081B0044690F84100202803D194F8400096
:101E2000012803D1022001B000F0EAB801200E46DB
:101E30001746984684F84000FFF746FF216805469C
:101E40008A6912040AD500BFFFF73EFF401B19281C
:101E500000F2C680216888690004F5D4222284F843
:101E60004120102284F84220002262646762A4F8B4
:101E70002A806263628D49F6000040F20008CFF6C6
:101E80000040C0F2FF18B2F5807F6FF39F2609D3A0
:101E90004A6802403243424402F510524A60FF222F
:101EA0000BE000BF628D4F68D3B246EA03430740A0
:101EB0003B4308F592373B434B602285618D0A9F77
:101EC00000295DD006F1007907F1010A00F5806B69
:101ED0000DE000BF618D21854268C9B249EA014128
:101EE00002EA0B0211434160608D002848D0204671
:101EF00039462A4602F0A2FD00285DD12068616AB9
:101F0000406A0870606A218D01306062481E208539
:101F1000618D01396185618D0029E5D00004E3D12F
:101F20002068816909060FD4BAF1000F1AD0002F7A
:101F300054D000BFFFF7C8FE401BB84250D82068FD
:101F400081690906F6D500BF618DB1F5807FC1D3E7
:101F5000FF212185416801EA0B01314341EA080173
:101F6000C1E700BF81690906EED4816909065CBF3B
:101F700081695FEA0161E7D481690906F2D5E3E787
:101F800087B100BF20688169890619D42046394687
:101F90002A4602F0A7FC78B9FFF796FE401BB8422C
:101FA000F0D91DE020688169890609D42046002106
:101FB0002A4602F097FC88B1012001B000F020B859
:101FC0002021C16142684EF60003CFF600631A403B
:101FD0004260002084F841100AE000BFFFF774FE61
:101FE000606C40F020006064202084F841000120F3
:101FF000002184F8421084F8401001B000F000B8CD
:1020000030BCBDE8C08F00002DE9F04F81B0044620
:1020100090F84100202803D194F84000012803D112
:10202000022001B000F0E8B801200E46174698469D
:1020300084F84000FFF748FE216805468A691204CB
:102040000AD500BFFFF740FE401B192800F2C480EC
:10205000216888690004F5D4212284F841201022E7
:1020600084F84220002262646762A4F82A806263D6
:10207000628D49F6000040F20008CFF60040C0F241
:10208000FF18B2F5807F6FF39F2609D34A6802409C
:102090003243424402F500524A60FF220BE000BF87
:1020A000628D4F68D3B246EA034307403B4308F5CD
:1020B00090373B434B602285628D0A9F002A5BD09C
:1020C00006F1007907F1010A00F5806B0DE000BF11
:1020D000608D20854A68C0B249EA004002EA0B02DE
:1020E00010434860608D002846D0204639462A4675
:1020F00002F002FD00285AD1606A216810F8012B15
:102100008A626062608D01386085208D013820858B
:10211000628D002AE6D00004E4D1886900060FD45D
:10212000BAF1000F1AD0002F54D000BFFFF7CCFD3A
:10213000401BB84250D8216888690006F6D500BF18
:10214000608DB0F5807FC3D3FF202085486800EA0A
:102150000B00304340EA0800C3E700BF886900066F
:10216000EED4886900065CBF88695FEA0060E7D446
:1021700088690006F2D5E3E787B100BF2168886966
:10218000800619D4204639462A4602F0ABFB70B9C6
:10219000FFF79AFD401BB842F0D91DE08869800620
:1021A0000AD4204600212A4602F09CFB90B101206F
:1021B00001B000F021B800BF2020C8614A684EF687
:1021C0000003CFF600631A404A6084F84100002003
:1021D0000AE000BFFFF778FD606C40F0200060640B
:1021E000202084F841000120002184F8421084F866
:1021F000401001B000F000B830BCBDE8C08F000056
:1022000010B586B0006845F20041C4F20001884272
:102210004FF000000590CDE90300CDE9010001D0A9
:1022200006B010BD41F24C04C4F20204206801A9BA
:1022300040F002002060206800F00200009000984A
:10224000C0200190122002900120039003200490EE
:102250000420059040F20040C4F60000FFF752FC55
:10226000E06840F40010E060E06800F400100090C6
:10227000009806B010BD000040F20C0043F6385143
:10228000C2F20000C2F2000100780A68104408603F
:102290007047000080B5032000F08CF80F2000F09C
:1022A00009F800281CBF012080BD00F02BF8002099
:1022B00080BD0000B0B540F20C05C2F200052978DF
:1022C000F1B1044640F21400C2F200004FF47A72F9
:1022D0000068B2FBF1F1B0FBF1F001F0D1FC014676
:1022E0000F2C4FF001000AD8002918BFB0BD4FF0E5
:1022F000FF302146002200F031F800206C60B0BDB4
:102300000120B0BD82B041F25800C4F202008168E1
:1023100041F001018160816801F0010101910199A1
:10232000016841F080510160006800F08050009029
:10233000009802B070470000002848BF704700F0C6
:102340001F01012202FA01F11C2202EAD0004EF222
:102350000012CEF2000281507047000010B54EF618
:102360000C5CCEF2000CDCF80030C3F3022E8EF0D1
:102370000704042C28BF0424BEF103034FF0FF3EE2
:102380000EFA04F438BF0023A14399400EFA03F378
:102390009A43114300F00F0200F160430901043A2F
:1023A00003F564436244002848BF02F10C0319702E
:1023B00010BD00004EF60C51CEF200010A684FF637
:1023C000FF031A4060F30A2242F0806040F0FD7083
:1023D0000860704747F20001C4F200010A68B0F5D6
:1023E000007F02F4C06031D1B0F5007F2CD00868C6
:1023F000012262F34A20086040F21400C2F2000099
:102400000068322250434DF68362C4F21B32A0FBB7
:102410000202900C4A69520511D5421C0FD04A693C
:1024200052050CD558B14A69520508D5012806D085
:102430004A69520503D50228A0F10400EAD148698F
:10244000400544BF0320704700207047B0F5806FFF
:10245000FAD00868022262F34A2008600020704720
:1024600047F20002C4F20002136801214EF6105C2C
:1024700061F30203CEF2000C1360DCF800100128B7
:1024800041F00401CCF800100FBF30BF40BF20BFA7
:1024900020BFDCF8000020F00400CCF800007047FA
:1024A00047F20000C4F20000006800F4C06070470A
:1024B00047F20000C4F20000016841F4807101603D
:1024C000704700002DE9F04381B00446407841F2A6
:1024D00088070007C4F202071ED5606C80B1B0F512
:1024E000400F14D0B0F5000F40F0468157F87C0C37
:1024F00040F4803047F87C0C4FF4000007E000BF48
:10250000201D002102F042FB814638B9606C396819
:1025100021F44001084338604FF00009A07880079B
:1025200052D557F8300C5FEAC0080BD457F8300C7E
:1025300040F0805047F8300C57F8300C00F08050D5
:102540000090009847F20005C4F20005286840F4A6
:1025500080702860FFF7B8FB064600BF2868C005FA
:1025600008D4FFF7B1FB801B0228F7D94FF003090D
:1025700021E000BFB9F1000F1DD1B86810F4407020
:1025800011D0E16D88420BD0B868B96820F4407072
:1025900041F48031B960B96821F48031B960B86024
:1025A000C00740F0F180B868E16D20F44070084346
:1025B0004FF00009B860B8F1000F05D457F8300C9F
:1025C00020F0805047F8300C2168C80712D18807E6
:1025D00018D448071ED4880624D488052AD4480570
:1025E00030D4480636D408063CD4C80542D4880402
:1025F00048D459E03868226A20F00300104338605C
:102600008807E6D53868626A20F00C00104338600D
:102610004807E0D53868A26A20F0300010433860DF
:102620008806DAD53868E26A20F4406010433860E2
:102630008805D4D53868E26B20F440201043386018
:102640004805CED53868226C20F44010104338601D
:102650004806C8D53868226B20F4405010433860D3
:102660000806C2D53868626B20F4404010433860D9
:10267000C805BCD53868A26B20F4403010433860E0
:10268000880411D53A68A06C22F040620243B0F190
:10269000806F3A601ED0B0F1006F05D157F87C0C06
:1026A00040F4801047F87C0C080327D53A68E06CAA
:1026B00022F040620243B0F1806F3A6016D0B0F170
:1026C000006F1BD157F87C0C40F4801047F87C0C4D
:1026D00014E000BF201D012102F058FA21680028F3
:1026E00018BF81460803E1D408E000BF201D012186
:1026F00002F04CFA2168002818BF8146480311D522
:102700003A68206D22F040620243B0F1806F3A6077
:102710001CD0B0F1006F05D157F87C0C40F480104C
:1027200047F87C0C48041BD53868626D20F0405097
:102730001043B2F1805F386012D1201D022102F0F7
:1027400025FA2168002818BF814609E0201D0121D3
:1027500002F01CFA2168002818BF81464804E3D41F
:10276000080405D53868A16D20F080400843386022
:10277000484601B0BDE8F0834FF00109A07880071A
:102780003FF5CFAE20E700BFFFF79EFA064641F2C5
:1027900088354FF0030900BFB86880073FF503AFE5
:1027A000FFF792FA801BA842F6D904E72DE9F0431F
:1027B00081B0002800F08C8042F20009C4F20209C6
:1027C0000446D9F8000000F0070081420CD9D9F87E
:1027D000000020F007000843C9F80000D9F8000005
:1027E00000F00700884273D1206841F2080610F01B
:1027F0000202C4F202060AD0A368376807F0F007A5
:10280000BB4204D9376827F0F0073B433360C30766
:1028100034D0606856F8082C50B1022804D0032840
:102820000AD192010AD453E0920307D450E000BFCA
:10283000920703D44CE000BF520549D58846316861
:1028400021F0030108433060FFF73EFA054641F2EC
:10285000883700BF3068616800F00C00B0EB810F72
:1028600008D0FFF731FA401BB842F3D9032001B07A
:10287000BDE8F0832068414600F0020252B1A26830
:10288000336803F0F0039A4204D2336823F0F00374
:102890001A433260D9F8002002F0070291420CD2AC
:1028A000D9F8002022F007020A43C9F80020D9F81D
:1028B000002002F007028A420AD141070CD4000727
:1028C00012D43068716810F00C0019D11EE000BFFE
:1028D000012001B0BDE8F0833168E26821F4E061D5
:1028E000114331600007ECD53068216920F4605055
:1028F00040EAC10030603068716810F00C0005D00B
:102900000C282BD101F00301012927D156F8081C0E
:10291000042211F008016FF0070108BF8C217158E3
:1029200008BF0822D1404DF6307201F00F01C0F609
:10293000000252F8211000280A4618BF00220C2875
:1029400038D1706800F00300022811D0032804BFBA
:1029500041F20021C0F27A010EE000BF04281FD02E
:10296000082823D141F20022C0F27A0222E000BFFF
:1029700042F20041C0F2F40170687268C0F30210C4
:10298000C2F30622514372680130B1FBF0F0C2F38A
:102990004161022202EB4101B0FBF1F20AE000BF0B
:1029A00042F20042C0F2F40204E000BF0022002123
:1029B0000C28C6D030684DF6C041C0F30310C0F6F5
:1029C0000001085C00F01F0022FA00F140F2100044
:1029D000C2F2000040F214020068C2F2000211606C
:1029E00001B0BDE8F043FFF765BC000040F2140001
:1029F00041F20801C2F20000C4F202010068096855
:102A00004DF6D042C1F30221C0F60002515C01F044
:102A10001F01C8407047000040F2140041F2080155
:102A2000C2F20000C4F20201006809684DF6D0420B
:102A3000C1F3C221C0F60002515C01F01F01C84081
:102A40007047000041F20C01C4F2020151F8040C7D
:102A500010F00C02086805D00C2A2BD100F00300FE
:102A6000012827D151F80C0C042310F008006FF056
:102A70000B0008BF8820085808BF0823D8404DF62F
:102A8000307300F00F00C0F6000353F82030002A26
:102A9000184618BF00200C2A18BF7047086800F0BD
:102AA0000300022810D0032804BF41F20023C0F223
:102AB0007A030DE0042A1FD0082A23D141F2002016
:102AC000C0F27A00704700BF42F20043C0F2F40344
:102AD00008680A68C0F30210C2F3062209680130D0
:102AE0005A43B2FBF0F0C1F34161022202EB410113
:102AF000B0FBF1F0704700BF42F20040C0F2F400BA
:102B0000704700BF00200023C5E70000002804BF75
:102B1000012070472DE9F04383B041F200060446DE
:102B2000C4F20206B068F168227800F00C09D00601
:102B300001F003081ED42078C00700F08880B9F1A6
:102B4000080F00F07D80B9F10C0F08BFB8F1030F3A
:102B500076D061683068B1F5803F07D0B1F5A02F1D
:102B600040F0528240F480203060306840F4803081
:102B7000306053E2B9F1000F1CD0B9F10C0F08BF5F
:102B8000B8F1010F16D0A1693068002900F0A081CA
:102B900040F001003060FFF797F805463068800785
:102BA00000F1A881FFF790F8401B02284FF00300C6
:102BB000F4D960E33068800703D5A069002800F0ED
:102BC0000F83256A3068000700F14A81D6F8940027
:102BD000000900F0F000854200F248813068B9F148
:102BE000000F40F008003060306820F0F00040EA4C
:102BF000050030607068E16920F47F4040EA012000
:102C0000706040F0B882B06DC00000F15582B06DC8
:102C100040F08050B065B06D00F080500290029896
:102C2000FFF73EFCB16D21F08051B165B0F5007F3A
:102C300000F04882802D40F2858203208DE200BFA3
:102C40003068800303D56068002800F0C9822078CE
:102C500080072DD5B9F1040F1CD0B9F10C0F08BFB6
:102C6000B8F1020F16D0E1683068002900F0E68163
:102C700040F480703060FFF727F805463068400563
:102C80000FD4FFF721F8401B02284FF00300F5D9BD
:102C9000F1E200BF3068400503D5E068002800F08D
:102CA0009F827068216920F0F85040EA01607060EE
:102CB0002078000760D42078400779D420788006F7
:102CC00000F1B280A06A002800F01683022840F0CC
:102CD0002381F068E16A00F003028A4240F0348107
:102CE000226B6FF00F0300F0700103EB02129142B0
:102CF00040F02A81616B00F4FE42B2EB012F40F0FC
:102D00002381A16B00F07842B2EBC16F40F01C81CF
:102D1000E26B0023CFF6E07303EA025200F4C00135
:102D2000A2F50012914240F00F81216C4FF07E42DB
:102D300002EA016100F0C06001F17E41884240F08A
:102D400003813068800100F1D782306840F08070E4
:102D50003060F06840F08070F060FEF7B5FF044628
:102D60003068800100F1C882FEF7AEFF001B022828
:102D70004FF00300F4D97EE26169D6F8940000298F
:102D800000F0908040F00100C6F89400FEF79CFF30
:102D9000054600BFD6F8940080078CD4FEF794FF58
:102DA000401B0228F6D9032003B0BDE8F08300BF22
:102DB000B06D5FEAC00808D4B06D40F08050B065D7
:102DC000B06D00F080500090009847F20007C4F208
:102DD00000073868C00513D4386840F48070386044
:102DE000FEF772FF054600BF3868C00508D4FEF73D
:102DF0006BFF401B02284FF00300F5D93BE200BFF8
:102E0000A168D6F89000012908D0052940F0DC809F
:102E100040F00400C6F89000D6F8900040F00100A1
:102E2000C6F89000DCE000BF616AD6F8980000297F
:102E300000F0B48040F00100C6F89800FEF744FFAF
:102E4000054600BFD6F8980080073FF53BAFFEF778
:102E50003BFF401B02284FF00300F3D90BE200BFF9
:102E6000306800F0F00085427FF6B8AEB06DC0006B
:102E700000F18680B06D40F08050B065B06D00F01C
:102E8000805001900198FFF70BFBB16D21F080514C
:102E9000B165B0F5007F79D0802D40F2E18003204C
:102EA000E9E000BF20F00100C6F89400FEF70CFF37
:102EB000054600BFD6F8940080077FF5FCAEFEF70C
:102EC00003FF401B02284FF00300F3D9D3E100BFFA
:102ED00020F001003060FEF7F7FE054630688007FD
:102EE0007FF529AEFEF7F0FE401B02284FF00300ED
:102EF000F4D9C0E1306840F0080030603068D4E9AF
:102F0000071220F0F00010433060706820F47F401A
:102F100040EA012070600EE6B9F10C0F00F060810C
:102F2000306820F080703060FEF7CEFE044600BFAF
:102F30003068800140F1EA80FEF7C6FE001B0228DF
:102F40004FF00300F4D996E1B9F10C0F00F048817D
:102F50003068400100F14481306820F080703060BA
:102F6000FEF7B2FE054600BF3068800140F1868161
:102F7000FEF7AAFE401B02284FF00300F4D97AE1C5
:102F8000FFF78EFAB0F5007F7FF486AF812D71D305
:102F90000120A02D88BF02206DE000BF20F00100BD
:102FA000C6F89800FEF790FE054600BFD6F89800D8
:102FB00080077FF587AEFEF787FE401B02284FF0A3
:102FC0000300F3D957E100BF20F00100C6F89000DC
:102FD000D6F89000002920F00400C6F8900079D0BF
:102FE000FEF772FE054641F2883700BFD6F8900022
:102FF000800700F18180FEF767FE401BB842F5D9DB
:10300000032003B0BDE8F08320F4803030603068E6
:10301000002920F48020306000F08480FEF754FE08
:10302000054600BF306880033FF511AEFEF74CFE49
:10303000401B64284FF00300F4D91CE120F4807099
:103040003060FEF741FE0546306840057FF530AE42
:10305000FEF73AFE401B02284FF00300F4D90AE1C4
:10306000A5F17000B0FA80F04009802D08BF022061
:1030700001E000BF002042F20001C4F202010A6830
:1030800022F0070202440A60096801F00701814248
:1030900040F0A680306840F0080030603068D4E925
:1030A000071220F0F00010433060706820F47F4079
:1030B00040EA012070605EE0FFF7F2F9B0F5007FB2
:1030C0007FF4B8AD812D47D30120A02D88BF022009
:1030D00043E000BFFEF7F8FD054641F2883700BF28
:1030E000D6F89000800707D5FEF7EEFD401BB842EA
:1030F0004FF00300F4D9BEE0B8F1000F3FF5DEADAC
:10310000B06D20F08050B065D8E500BFF0684FF694
:10311000FC71CFF6EE610840F060002003B0BDE81E
:10312000F08300BFFEF7D0FD054600BF3068800386
:103130007FF58DADFEF7C8FD401B64284FF00300FE
:10314000F4D998E0A5F17000B0FA80F04009802D24
:1031500008BF022001E000BF002042F20001C4F2DB
:1031600002010A6822F0070202440A60096801F0BD
:103170000701814234D1B068F16810F00C0005D02D
:103180000C2831D101F0030101292DD1314651F82C
:10319000942B12F00802324608BF0A464FF0040191
:1031A000126808BF082122FA01F14DF6307201F0D1
:1031B0000F01C0F6000252F8211000280A4618BF7D
:1031C00000220C283CD1F06800F00300022815D042
:1031D000032804BF41F20021C0F27A0112E000BFCF
:1031E000012003B0BDE8F08304281FD0082823D1B4
:1031F00041F20022C0F27A0222E000BF42F2004116
:10320000C0F2F401F068F268C0F30210C2F30622C3
:103210005143F2680130B1FBF0F0C2F34161022288
:1032200002EB4101B0FBF1F20AE000BF42F20042C2
:10323000C0F2F40204E000BF002200210C28C2D03A
:10324000B0684DF6C041C0F30310C0F60001085C41
:1032500000F01F0022FA00F140F21000C2F200005C
:1032600040F214020068C2F200021160FFF722F877
:1032700000283FF460AC03B0BDE8F083F06848F28A
:103280008C01C0F29D1104F12C0700EA010C8ECFD5
:103290006FF00F00D4E90F5400EB02100022CFF6BC
:1032A000E07241EA0C0102EA05520843A2F500125D
:1032B0004FF07E4540EA032005EA0465104305F11E
:1032C0007E4540EAC7602843F060306840F0807077
:1032D0003060F06840F08070F060FEF7F5FC044666
:1032E0003068800108D4FEF7EFFC001B02284FF085
:1032F0000300F5D9BFE700BF002003B0BDE8F083AD
:10330000006800EB8100006D7047000081B000682C
:1033100050300090009800EB81000090009802600F
:1033200001B0704770B5044690F8200001284FF0B6
:10333000020008BF70BD012184F8201084F821002C
:103340002068CA21416253214162816821F4806171
:103350008160816821F480418160FEF7B5FC0546FB
:10336000002600BF2168C868400709D4FEF7ACFCFE
:10337000401BB0F57A7FF5D921680322032001E0D4
:1033800001220020FF234B6284F8212084F8206072
:1033900070BD0000F0B581B0044690F8200001280F
:1033A0004FF002004DD00E46012184F8201084F821
:1033B00021002168CA204862532048628868154667
:1033C00020F480608860C86860F4906020F48060B9
:1033D000C860C868400611D4FEF776FC074600BFF7
:1033E0002168C868400709D4FEF76EFCC01BB0F521
:1033F0007A7FF5D92168032203201BE04E6188689B
:1034000020F007002843886040F20040C4F2010029
:10341000026842F480120260826842F48012826084
:103420008868012240F480408860886840F48060A9
:1034300088600020FF234B62002184F8212084F85B
:10344000201001B0F0BD000040F27800C2F2000090
:10345000C1680531C16001210172704710B5044691
:1034600040F21440C4F201004FF480110160206862
:10347000C168490508D5C16861F4906121F4806193
:10348000C1602046FFF7E0FF012084F8210010BD55
:1034900080B5006843684FEA1340C3F3042E03F07D
:1034A0003F0CC3F34233C87081F801E081F802C0D9
:1034B0000B700AB1002080BDC2B21209A2EB8202D9
:1034C00000EB4200C8704FEA1E10A0EB80000EEB2C
:1034D000400048704FEA1C10A0EB80000CEB40004D
:1034E0008870002080BD000080B50068836A4B6052
:1034F00003696FF3DF338B600368C3F30540C3F3E5
:10350000062E03F07F0CC3F38053087081F801E0AE
:1035100081F802C0CB700AB1002080BD0209A2EB85
:10352000820200EB420008704FEA1E10A0EB800000
:103530000EEB400048704FEA1C10A0EB80000CEB33
:1035400040008870002080BD002804BF0120704723
:10355000B0B5044690F8210028B9002084F8200076
:10356000204600F053F8022084F821002168CA2088
:10357000486253204862C868400613D44FF0FF30B9
:10358000C860FEF7A1FB2168CA6852060AD4054646
:10359000FEF79AFB401BB0F57A7F31D82168C868E6
:1035A0004006F5D588684FF6BF72CFF68F7210408F
:1035B0008860D4E9010CD4E903531843A3698A68ED
:1035C0001843104388600D61086940EA0C400861A7
:1035D000204601F07FFB002818BFB0BD206861695C
:1035E000E269C36C114323F00303C364C36C194342
:1035F000C164FF214162012084F821000020B0BD98
:10360000032084F821002168C968B0BD704700001C
:103610002DE9F041044690F8200001284FF0020007
:1036200008BFBDE8F081012384F8203084F8210030
:1036300032B14878CA788E78000240EA024845E004
:1036400048784FF0CD0CC20642BF00F0EF000A30C0
:103650004870CA788E78A2F10A07FDB205FB0CF516
:10366000ED0A05EB8503A7EB4303A0F10A0703EB83
:103670000513FDB25FFA82FE05FB0CF5BEF1090FE2
:1036800088BF03F11002ED0A5FFA82FE05EB8502A6
:10369000A7EB4202C3B202EB0512092B88BF02F16D
:1036A0001000A6F10A02D3B203FB0CF3C0B2DB0A8E
:1036B000000203EB830740EA0E48F0B2A2EB470298
:1036C00002EB0312092888BF02F110060F78216867
:1036D000CA20486253204862C868400614D44FF09C
:1036E000FF30C860FEF7F0FA2168CA6852060BD4B2
:1036F000054600BFFEF7E8FA401BB0F57A7F21D8F7
:103700002168C8684006F5D5F0B240EA08007A039F
:1037100020F0C00010434860204601F0DBFA216829
:10372000FF224A6220B1002184F82010BDE8F08118
:10373000012084F821000020002184F82010BDE839
:10374000F08100BF032084F821002168CA68FF22AD
:103750004A62002184F82010BDE8F0812DE9F04391
:1037600081B0044690F8200001284FF0020000F0DC
:10377000B1800D46012184F8201084F821002168D1
:10378000CA20486253204862C8681646400614D4CE
:103790004FF0FF30C860FEF797FA2168CA685206FA
:1037A0000BD40746FEF790FAC01BB0F57A7F00F203
:1037B00087802168C8684006F4D5886836B140061D
:1037C0000CD44FF0000E85F803E00AE040060FD459
:1037D0004FF0000E85F803E00DE000BFE8784FEAF7
:1037E000805E6B782878AA781B0243EA004347E0A2
:1037F000E8784FEA805E2B784FF0CD08A3F10A09F4
:103800005FFA89F000FB08F0C00A6F7800EB8006D1
:10381000A9EB46065FFA83FC06EB0010A7F10A0647
:10382000AA78BCF1090F88BF00F11003F0B200FBC9
:1038300008F0C00A5FFA83FC00EB80035FFA87F9A7
:10384000A6EB430303EB0010B9F1090F88BF00F1A9
:103850001007F8B2A2F10A07FEB206FB08F6000252
:10386000F60A40EA0C4306EB86005FFA82FCA7EBFF
:10387000400000EB0610BCF1090F88BF00F11002F8
:10388000D0B2184347F67F7240EA0E00C0F27F02C2
:1038900010400860886820F480208860D5E9030221
:1038A0008B68104318438860204601F013FA2168A2
:1038B000FF224A6258B9012084F82100002006E066
:1038C000032084F821002168CA68FF224A6200218F
:1038D00084F8201001B0BDE8F08300004EF2100023
:1038E000CEF20000016841F0020101607047000063
:1038F000002804BF01207047416A19B1002101610D
:10390000142104E04168B1F5827F02D01C2100221D
:103910004250B0B50025856290F85D1029B980F855
:103920005C50044600F052F82046022180F85D10F9
:103930000168D0F80CE00B68BEF5E06F23F040039F
:103940000B6098BF01254EF40063B3F5706F4FEA2A
:10395000053C1CBF00258562D0E90154D0E9043242
:1039600005F4827504F404442C4403F00203234458
:10397000846902F00102C5691A4404F400731A4410
:1039800005F03803056A1A4405F08003856A1A4475
:1039900005F400531A430A600422436A0EF470656A
:1039A00002EA1442446B45EA0C0503F010032A4373
:1039B00004F008041A4322434A60002101220166F0
:1039C00080F85D20BDE8B0400846704780B586B0FD
:1039D000006843F20002C4F2010200219042CDE9E6
:1039E0000411CDE90211019102D006B080BD00BFE3
:1039F00041F24C00C4F20200426942F4805242613A
:103A0000426902F480520092009A026842F0010278
:103A10000260006800F0010000900098A020019072
:103A20000220CDE90201032004900520059001A9A0
:103A30004FF09040FEF766F806B080BD2DE9F043E8
:103A400081B0044690F85C00012803D1022001B047
:103A5000BDE8F0834FF001081D460F46164684F876
:103A60005C80FEF731F994F85D10012948D1814658
:103A7000002F4FF0010018BF002E00F0D980032066
:103A8000002284F85D002266A763A687E687226489
:103A9000A4F84420A4F84620A0683146B0F5004FB1
:103AA0002068E264226507D1026822F040020260C9
:103AB000026842F4804202600268520603D402683F
:103AC00042F04002026062680139E368B2FA82F2B1
:103AD000B1FA81F152094909B3F5E06F41EA0201F7
:103AE0003ED931B137F8021BC160A763E08F0138BE
:103AF000E087E08F002871D0681C0ED11FE000BF66
:103B0000022095E0A16B31F8022BC260A163E08F27
:103B10000138E087E08F002860D02068816889073D
:103B2000F0D4FEF7D1F8A0EB0900A842F2D30320AD
:103B30007EE000BFFEF7C8F8E08F00284ED0206876
:103B400081688907F6D5A16B31F8022BC260A163A9
:103B5000E08F0138E087E08F0028F0D13EE000BF21
:103B600089B1E18F02294FF6FE7103D337F8022B9A
:103B7000C26004E03A7801310273A06B471CA7636E
:103B8000E08F0844E087E08F40B3681C5DD04FF6BB
:103B9000FE70471C08E000BFFEF796F8A0EB090096
:103BA000A842C4D2E08FC8B1216888688007F3D5E5
:103BB000E28FA06B022A05D330F8022BCA604FF6C1
:103BC000FE7104E000780873A06B39460130A063F1
:103BD000E08F0844E087E08F0028E5D120464FF4CD
:103BE000C0512A464B4601F0C5F868B9204629461F
:103BF0004A4601F07FF938B920464FF4C0612A46A1
:103C00004B4601F0B7F828B1206E40F02000206646
:103C100020202066A06838B9002000902068C16884
:103C20000091806800900098206E002818BF012045
:103C3000002184F85D8084F85C1001B0BDE8F08359
:103C4000FEF742F8E08F0028C8D020688168890715
:103C5000F6D5E28FA16B012A08D931F8022BC26098
:103C6000A163E08F0238E087ECE700BF09780173B9
:103C7000A06B0130A063E08F0138E087E2E700002D
:103C8000411E0020B0EB116F1CBF012070474EF2A7
:103C90001002CEF2000251604EF62351CEF2000126
:103CA000F0230B7007219060116070474EF21000F6
:103CB000CEF20000016821F00201016070470000AF
:103CC00090F87410012904BF02207047012180F888
:103CD000741000BF016851E8001F026841F0020142
:103CE00042E80013DBB1016851E8001F026841F0AF
:103CF000020142E8001393B1016851E8001F026815
:103D000041F0020142E800134BB1016851E8001F85
:103D1000026841F0020142E80013002BDAD10021D1
:103D200080F874100020704770470000B0B582B072
:103D3000044690F87400012802D1022002B0B0BD00
:103D4000012084F874002420A0672068036823F011
:103D500001030360836823F4401343EA0103836093
:103D600051B9416893B221F0100119434160416893
:103D7000120C62F31F614160016841F001010160B2
:103D8000FDF7A2FF03466FF07E40009020464FF4FF
:103D900080010022002501F01FFD28B1032084F8D6
:103DA000745002B0B0BD00BF2020A067002084F88E
:103DB000745002B0B0BD00007047000070470000B2
:103DC00070B5016840F62F03CA690E688C6813400D
:103DD000202B06F0200E07D1BEF1000F04D0416E5B
:103DE00041B3BDE87040084740F60F031A4209D0BE
:103DF00040F22013C0F2004304F0010C334013EBF7
:103E00000C0325D1036ED50616D5012B14D116F05F
:103E1000100311D010220A628968490630D4B0F824
:103E20005810B0F85A20B0F85A30002B18BF914201
:103E300040F02E8270BD00BFD30213D514F480036E
:103E400010D04FF480120A62BDE87040FFF7B4BF93
:103E5000D30718BF16F4807340F0CC80930700F1AD
:103E6000D380DCE0110640F1D98116F0800100F02A
:103E7000D581816E0029DDD0BDE87040084700BFC4
:103E8000016F0A6853689CB2002CD3D0B0F8581068
:103E90008C42CFD2A0F85A301268920600F1A2806C
:103EA000016851E8001F026821F4807142E80013A4
:103EB000DBB1016851E8001F026821F4807142E81B
:103EC000001393B1016851E8001F026821F480716A
:103ED00042E800134BB1016851E8001F026821F469
:103EE000807142E80013002BDAD1016851E8021F0B
:103EF000026821F0010142E80213C3B3016851E8EE
:103F0000021F026821F0010142E802137BB301683D
:103F100051E8021F026821F0010142E8021333B3A5
:103F2000016851E8021F026821F0010142E8021312
:103F3000002BDAD11BE000BF016851E8021F0268C4
:103F400021F0400142E80213DBB1016851E8021F91
:103F5000026821F0400142E8021393B1016851E880
:103F6000021F026821F0400142E802134BB10168D0
:103F700051E8021F026821F0400142E80213002BC1
:103F8000DAD12021C16700210166016851E8001FD4
:103F9000026821F0100142E80013DBB1016851E82A
:103FA000001F026821F0100142E8001393B101687C
:103FB00051E8001F026821F0100142E800134BB1E4
:103FC000016851E8001F026821F0100142E8001367
:103FD000002BDAD1016F04460846FDF72FFDB4F837
:103FE00058102046B0F85A20891A89B2BDE87040AE
:103FF000FFF79ABE01230B62D0F8803043F0010333
:10400000C0F8803093070AD5BCF1000F07D0022317
:104010000B62D0F8803043F00403C0F880305307BF
:104020000AD5BCF1000F07D004230B62D0F8803012
:1040300043F00203C0F8803013070AD55CEA0E0390
:1040400007D008230B62D0F8803043F00803C0F893
:10405000803013050BD516F0806308D04FF4006351
:104060000B62D0F8803043F02003C0F88030D0F8E5
:104070008030002B3FF4DEAE920608D5BEF1000F73
:1040800005D0426E1AB10446904721682046D0F808
:104090008020896802F0280201F04001891807D1C8
:1040A0000446FFF78BFE0020C4F8800070BD00BFFF
:1040B000016851E8001F026821F4907142E8001382
:1040C000BBB3016851E8001F026821F4907142E817
:1040D000001373B3016851E8001F026821F4907166
:1040E00042E800132BB3016851E8001F026821F475
:1040F000907142E80013002BDAD11AE0016851E810
:10410000021F026821F0010142E80213DBB10168DD
:1041100051E8021F026821F0010142E8021393B145
:10412000016851E8021F026821F0010142E8021310
:104130004BB1016851E8021F026821F0010142E819
:104140000213002BDAD1016E012924D1016851E854
:10415000001F026821F0100142E80013DBB1016882
:1041600051E8001F026821F0100142E8001393B1EA
:10417000016851E8001F026821F0100142E80013B5
:104180004BB1016851E8001F026821F0100142E8BC
:104190000013002BDAD12021C167002101660268DB
:1041A0004166916849066FD5016851E8021F0268AF
:1041B00021F0400142E80213DBB1016851E8021F1F
:1041C000026821F0400142E8021393B1016851E80E
:1041D000021F026821F0400142E802134BB101685E
:1041E00051E8021F026821F0400142E80213002B4F
:1041F000DAD1016F002947D045F2A512C0F60002BE
:10420000044608468A63FDF73FFC00283FF412AEDF
:10421000206F816BBDE87040084700BF51067FF5F5
:1042200009AE16F0400108BF70BD00BF016851E83B
:10423000001F026821F0400142E80013DBB1016871
:1042400051E8001F026821F0400142E8001393B1D9
:10425000016851E8001F026821F0400142E80013A4
:104260004BB1016851E8001F026821F0400142E8AB
:104270000013002BDAD12021816700218166BDE87F
:10428000704000F02BBB00BFBDE87040FFF796BD4B
:10429000891A00BF026852E8002F036822F4907266
:1042A00043E80026BEB3026852E8002F036822F4F8
:1042B000907243E8002676B3026852E8002F036844
:1042C00022F4907243E800262EB3026852E8002FD1
:1042D000036822F4907243E80026002EDAD11AE037
:1042E000026852E8022F036822F0010243E8022626
:1042F000DEB1026852E8022F036822F0010243E8AF
:10430000022696B1026852E8022F036822F00102E9
:1043100043E802264EB1026852E8022F036822F0F9
:10432000010243E80226002EDAD12022C2670022D1
:1043300002664266026852E8002F036822F010020B
:1043400043E80026DEB1026852E8002F036822F03D
:10435000100243E8002696B1026852E8002F036875
:1043600022F0100243E800264EB1026852E8002F06
:10437000036822F0100243E80026002EDAD189B249
:10438000BDE87040FFF7D0BC002804BF0120704793
:10439000B0B582B00446806F28B9002084F874005C
:1043A000204600F059F82420A0672068016821F019
:1043B00001010160204601F045F818B1012002B06A
:1043C000B0BD00BF606A10B1204600F077FE2068E3
:1043D000416821F490414160816821F02A018160A7
:1043E000016841F0010101600020C4F88000FDF780
:1043F0006BFC216805460A68120710D56FF07E4CE9
:1044000020464FF4001100222B46CDF800C001F0E9
:10441000E3F918B1032002B0B0BD00BF21680868FD
:1044200040070FD56FF07E4C20464FF480010022EC
:104430002B46CDF800C001F0CFF918B1032002B02F
:10444000B0BD00BF2020A067E0670020206684F890
:10445000740002B0B0BD000010B586B0006844F230
:104460000041C4F2000188424FF000000590CDE900
:104470000300CDE9010001D006B010BD41F24C04AB
:10448000C4F20204206801A940F001002060206805
:1044900000F00100009000980C2001900220029092
:1044A0000120039003200490072005904FF09040D6
:1044B000FDF728FBE068052140F40030E060E0688B
:1044C000002200F40030009000982620FDF746FFFF
:1044D0002620FDF731FF06B010BD0000C36F202B72
:1044E0000CD100294FF0010318BF002A02D1184651
:1044F000704700BF90F87430012B03D10223184697
:10450000704700BF80B5012380F874300023036634
:10451000D0F800C048F20003C4F200039C4503D069
:10452000DCF804301B0203D401F09AF8002080BDAF
:10453000036853E800CFD0F800E04CF080634EE809
:10454000003CBCF1000FEFD0036853E800CFD0F877
:1045500000E04CF080634EE8003CBCF1000FE3D07B
:10456000036853E800CFD0F800E04CF080634EE8D9
:10457000003CBCF1000FD7D0036853E800CFD0F85F
:1045800000E04CF080634EE8003CBCF1000FCFD15E
:10459000CAE70000016844F20042C4F200029142FE
:1045A00018BF70472DE9F04387B040F27805C2F29A
:1045B000000529780D2900F005810A293ED1697A84
:1045C00005F144020023535495F8443095F84520F2
:1045D000152908BF542B3BD0012908BF442B00F0FC
:1045E000EB80032908BF532B00F0F8800529C0F0A9
:1045F000E780572B40F0E4803A2A40F0E18095F8BC
:104600004620A2F130085FFA88F9B9F1090F00F2EB
:10461000D78095F847202C2A40F0D28095F8482082
:104620002D2A00F0E7804FF0010C2B2A14BF042242
:1046300005228A4280F0C480E1E000BF6A7A1E2A27
:1046400000F2BE80531C2A446B7282F84410B9E019
:104650003A2AC1D195F84A702D2FBDD195F84D70E9
:104660002D2FB9D195F85070202FB5D195F85370F2
:104670003A2FB1D195F856703A2FADD195F8511027
:1046800095F8522001EB810102EB4101A1F11008E4
:104690005FFA88F2172A00F2938095F8542095F873
:1046A000553002EB820203EB4202A2F1100E5FFAD8
:1046B0008EF33B2B00F2848095F8573095F85870B4
:1046C00003EB830307EB4303A3F1100C5FFA8CF7B2
:1046D0003B2F75D840F20007B5F84E30C2F2000704
:1046E000D5F84660D5F84A40A7F809300023FB7298
:1046F0000123C7F80160C7F8054085F8048085F8F4
:1047000005E085F806C0AB72F3B2BE78FC78642190
:1047100071434FF47A763A7913FB061104EB840364
:1047200001EB43018E184DF68401711A11F1640FEB
:1047300044D3B979FA7901EB810102EB4104A4F287
:104740001D2111F10C0F39D3797ABA7A01EB81016D
:1047500002EB4107A7F50C7111F11F0F2ED3A6F143
:1047600020028DF81B20A4F110028DF81920A7F16A
:10477000100240F2DC0400218DF81A200122C2F25E
:1047800000040391CDE901118DF81820CDE9041141
:1047900006A90646204600228DF804808DF805E023
:1047A0008DF806C0FEF734FF01A920460022FEF76F
:1047B000D5FF304602E000BF0121A970E968A96178
:1047C0000021697240F27801C2F200010122FFF774
:1047D00085FE07B0BDE8F043704700BF3A2A7FF47A
:1047E00005AF95F846104E2974D05729E8D101211C
:1047F000E971E3E705224FF0FF3C8A42E0D2AF18AF
:1048000097F84470A7F1300EBEF1090FD8D8541CA8
:104810007646A1421AD1BEF1090F98BFB9F1040F33
:10482000CED806FB0CF140F2000211F1630FD8BFA5
:104830006FF06201C2F200026329A8BF632182F80F
:104840000080E970E968E961B8E700BFAF1897F840
:104850004540A4F13003092BDDD806EB860304EBB9
:104860004303941CE4B2A142A3F13006D3D097F8DD
:104870004640A4F13003092BCDD806EB860304EBA8
:104880004303D41CE4B2A142A3F13006C3D097F88D
:104890004740A4F13003092BBDD806EB860304EB97
:1048A0004303141DE6B2B142A3F13006B3D097F82A
:1048B0004870A7F13003092BADD806EB860305320B
:1048C00007EB4303D2B2A3F1300691422246BDD199
:1048D000A1E700BF0021E97170E700007047000008
:1048E000FEE700002DE9F04381B0036804469869B3
:1048F000C00605D4002000219A69D70560D465E080
:104900001020D8619869800653D48846481C46D048
:1049100016464FF02009002506E000BF00279869E1
:1049200000F02000384335D1FDF7CEF92368B8F107
:10493000000F02D0801B4045F0D9596894F842001E
:104940009A6912040CD511F4804109D1202807D0AE
:10495000586840F480405860FDF7B6F92368064671
:104960009869002702E000BF236898698006D6D4C2
:10497000FDF7AAF9801B1A28F6D3606C012740F0D6
:104980002000606484F8419084F8425084F84050DC
:10499000EAE700BF7FB90CE09869800609D49869FE
:1049A000800606D4986980065CBF98695FEA8060DB
:1049B000F2D52020D861012104209A69D70505D5B8
:1049C0004FF4807140F00100D9610121570507D4EF
:1049D00092050BD479B9002001B0BDE8F08300BF87
:1049E00008304FF480619205D96104D540F002008F
:1049F0004FF40071D9619969890744BF0021996218
:104A00009969C90703D1996941F001019961596810
:104A10004EF60002CFF6006211405960616C084307
:104A20006064202084F84100002084F8420084F86B
:104A30004000012001B0BDE8F083000070B51546CC
:104A4000044609B30E4600BF20688069400734D48D
:104A5000204631462A46FFF745FFF8B920688169AC
:104A6000890625D4FDF730F9401BB042ECD9606CC3
:104A700040F020006064202084F84100002084F889
:104A80004000012070BD00BF20688069400714D439
:104A9000204600212A46FFF725FF08B1012070BDFE
:104AA00020688169890603D4FDF70EF9DFE700BFAE
:104AB0008169490704D5218D11B1002070BD00BF67
:104AC00082694EF60006D2064FF0000242BF102265
:104AD000C261042262642022C2614368CFF600668C
:104AE00000213340436084F8412084F842100020C4
:104AF00084F84000012070BD70B5044600688069EC
:104B0000800710D415460E4611B3701C17D100BF94
:104B100020464FF0FF312A46FFF7E4FEF0B9206847
:104B200080698007F4D5002070BD00BFFDF7CCF888
:104B3000401BB04216D8206880698007F3D4204615
:104B400031462A46FFF7CEFE0028EFD006E000BF30
:104B5000204600212A46FFF7C5FE08B1012070BD9E
:104B6000FDF7B2F8606C40F020006064202084F80B
:104B70004100002084F8420084F84000012070BD0C
:104B8000FEE70000FEE7000070470000F0B581B0CE
:104B900041F20005C4F20205EA68920714D0EA68FF
:104BA000036802F003029A424FF0010208D13BB1C0
:104BB000EA684368C2F3021201329A422AD0012203
:104BC000104601B0F0BD00BF0268032A10D0022ACF
:104BD00006D0012A07D12B689B0710D403E000BF41
:104BE0002B685B050BD40122104601B0F0BD00BF5D
:104BF0002B689B035CBF2B685FEA4333F3D5EB68FC
:104C000047686FF00F0623F0730306EB07173B436B
:104C10001A43EA60064628680F4620F08060286044
:104C2000FDF752F8044600BF2868000108D5FDF7DB
:104C30004BF8001B0228F7D90322104601B0F0BD43
:104C40002969B0683246012F4FEA002008D0BFB969
:104C500048F2FF03D268C0F2FF731940D2061BE08E
:104C600048F2FF03CFF6FF1303F1B4631940126952
:104C70000023CFF6E07303EA0252A2F500120BE024
:104C800048F2FF03CFF6FF13526919404FF07E43FD
:104C900003EA026202F17E42084310432861286859
:104CA00040F080602860FDF70FF804462868000196
:104CB00008D4FDF709F8001B0228F7D90322104693
:104CC00001B0F0BDB069296900220843286110468F
:104CD00001B0F0BD70B542F60806C4F20006716876
:104CE000044621F0800171603168890616D420687D
:104CF000C16821F0A001C160FCF7E6FF054600BFD6
:104D00002068C068800627D4FCF7DEFF401BB0F5A2
:104D10007A7FF5D9032084F8210070BD306820F037
:104D2000200030602068C16821F0A001C160FCF75C
:104D3000CBFF05462068C06880060FD4FCF7C4FF8F
:104D4000401BB0F57A7FF5D9032084F82100316843
:104D500041F02001316070BD002070BD002031683D
:104D600041F02001316070BD40F2DC00C2F2000071
:104D7000FEF774BB2DE9F04782B000261F4690462F
:104D80000D4681468DF80360FCF79EFF381A00EB54
:104D90000807FCF799FF40F21401C2F2000109680C
:104DA00023225143090DD9F8004079430191A168AC
:104DB000294235D0824618F1010035D0B5F5C06FD3
:104DC0001AD100BF207B8DF803009DF80300FCF78B
:104DD0007BFFA0EB0A00B8425ED20198019900283F
:104DE000A1F101010191D9F80010896808BF0746B7
:104DF00011F4C06FE6D112E0FCF766FFA0EB0A00E9
:104E0000B84249D2019801990028A1F1010101910C
:104E1000D9F80010896808BF07462942ECD100265E
:104E2000304602B0BDE8F0870026B5F5C06F25D149
:104E3000207B8DF803009DF80300A06810F4C06F7C
:104E4000EDD0207B8DF803009DF80300A06810F4DE
:104E5000C06FE4D0207B8DF803009DF80300A068AC
:104E600010F4C06FDBD0207B8DF803009DF80300A9
:104E7000A06810F4C06FDBD1D2E700BFA068284261
:104E8000CDD0A0682842CAD0A0682842C7D0A06868
:104E90002842F3D1C4E700BFD9E900014268B1F567
:104EA000827F22F0E00242600BD1D9F80810B1F500
:104EB000004F02D0B1F5806F03D1016821F04001AD
:104EC0000160D9F82810B1F5005F07D1016821F41D
:104ED00000510160016841F400510160012089F82E
:104EE0005D00002089F85C000326304602B0BDE872
:104EF000F0870000F0B581B015460E460446FCF779
:104F0000E3FE281A8719FCF7DFFE40F21401C2F213
:104F100000010968C1F3CB317943009121688A68A7
:104F2000120622D50546701C15D000BFFCF7CCFE3A
:104F3000401BB8421CD2009800990028A1F1010141
:104F400000912168896808BF07460806EED40CE086
:104F50008868000609D58868000606D588680006B6
:104F600044BF88685FEA0060F2D4002001B0F0BD61
:104F7000D4E900014268B1F5827F22F0E00242608C
:104F80000AD1A168B1F5004F02D0B1F5806F03D10D
:104F9000016821F040010160A16AB1F5005F07D10D
:104FA000016821F400510160016841F40051016081
:104FB000012084F85D00002084F85C00032001B02B
:104FC000F0BD000070470000FDF756B9F0B5AFB076
:104FD0001EAC20464421FBF721FC002501A86021DE
:104FE0001D95CDE91B55CDE919556027FBF716FC3A
:104FF000FDF75EFA41F29000C4F20200016801265A
:1050000021F01801016016201E904FF4807021904D
:105010001020229020462096CDE9246526972896D8
:10502000FDF774FD20B1EFF3108072B6FEE700BF0C
:105030000F20CDE9190619A80221CDE91B551D95B0
:10504000FDF7B4FB20B1EFF3108072B6FEE700BFAE
:1050500010201E900020249028901EA8FDF756FDD9
:1050600020B1EFF3108072B6FEE700BF4FF480600E
:10507000FDF7B0F920B1EFF3108072B6FEE700BF84
:105080004FF0021001904FF48070189008200A90A1
:1050900001A8FDF717FA28B1EFF3108072B600BF30
:1050A000FEE700BF2FB0F0BD4EF68850CEF20000F4
:1050B000016841F47001016070470000416ACA074D
:1050C0000CD18A0715D44A071ED40A0727D4CA066A
:1050D00030D48A0639D44A0642D457E00268D0F860
:1050E00028C0536823F4003343EA0C0353608A0753
:1050F000E9D50268D0F82CC0536823F4803343EA22
:105100000C0353604A07E0D50268D0F830C05368FA
:1051100023F4802343EA0C0353600A07D7D50268BF
:10512000D0F834C0536823F4004343EA0C035360BF
:10513000CA06CED50268D0F838C0936823F48053ED
:1051400043EA0C0393608A06C5D50268D0F83CC0D8
:10515000936823F4005343EA0C0393604A0615D581
:10516000D0F800C0036CDCF80420B3F5801F22F4F3
:10517000801242EA0302CCF8042007D1DCF80420B4
:10518000436C22F4C0021A43CCF80420090658BF2D
:1051900070470168806C4A6822F40022104348601E
:1051A00070470000806A0021A0F85A10A0F8521041
:1051B000FEF704BEB0F85C200168C36F222B40F0FC
:1051C0009780898C436D114023F8021B4365B0F82A
:1051D0005A100139A0F85A10B0F85A10002918BF17
:1051E000704700BF016851E8001F026821F4907108
:1051F00042E80013E3B1016851E8001F026821F49E
:10520000907142E800139BB1016851E8001F0268E9
:1052100021F4907142E8001353B1016851E8001F76
:10522000026821F4907142E80013002BDAD100BF2C
:10523000016851E8021F026821F0010142E80213EF
:10524000DBB1016851E8021F026821F0010142E868
:10525000021393B1016851E8021F026821F00101B5
:1052600042E802134BB1016851E8021F026821F0C5
:10527000010142E80213002BDAD12021C16700218D
:105280004166026E012A18BFFFF784B9016600BFAC
:10529000016851E8001F026821F0100142E8001384
:1052A000DBB1016851E8001F026821F0100142E8FB
:1052B000001393B1016851E8001F026821F010014A
:1052C00042E800134BB1016851E8001F026821F069
:1052D000100142E80013002BDAD10168CA69D20636
:1052E00044BF10220A62B0F85810FEF71DBD00BF7F
:1052F000088B40F00800088370470000B0F85C108D
:105300000268C36F222B40F09780928C436D11404E
:105310001970416D01314165B0F85A100139A0F89A
:105320005A10B0F85A10002918BF7047016851E8A8
:10533000001F026821F4907142E80013E3B1016894
:1053400051E8001F026821F4907142E800139BB1FC
:10535000016851E8001F026821F4907142E80013CF
:1053600053B1016851E8001F026821F4907142E8CE
:105370000013002BDAD100BF016851E8021F026858
:1053800021F0010142E80213DBB1016851E8021F7C
:10539000026821F0010142E8021393B1016851E86B
:1053A000021F026821F0010142E802134BB10168BB
:1053B00051E8021F026821F0010142E80213002BAC
:1053C000DAD12021C16700214166026E012A18BF8F
:1053D000FFF7E0B8016600BF016851E8001F0268EE
:1053E00021F0100142E80013DBB1016851E8001F11
:1053F000026821F0100142E8001393B1016851E8FE
:10540000001F026821F0100142E800134BB101684F
:1054100051E8001F026821F0100142E80013002B40
:10542000DAD10168CA69D20644BF10220A62B0F814
:105430005810FEF779BC00BF108B40F008001083B5
:1054400070470000B0B5054605F108041ECC0068A1
:10545000194341EA0403D5F81CE0046846F6F31149
:10546000CEF6FF712140194341EA0E010160416807
:1054700048F2000C21F4405111434160AA69C4F282
:10548000000C60451CBF296A0A438168102321F47F
:1054900030611143816047F6FF71C4F20001884218
:1054A00012DC44F20041C4F2000188421CD044F6F0
:1054B0000001C4F2000188422CD141F28801C4F2FB
:1054C000020109680B091DE0604515D043F6000193
:1054D000C4F2010188421DD141F28801C4F20201E7
:1054E0000B685BA212E000BF41F28801C4F2020126
:1054F00009688B0806E000BF41F28801C4F202018E
:1055000009688B0A4DF66072C0F6000203F00301D1
:1055100052F82130604542F20040C0F2F40015D04C
:10552000BEF5004F22D1082B4FF0010100F28B8015
:10553000DFE803F00650628958898989600000BF5E
:10554000FDF754FA002840F0578078E0082B4FF020
:10555000010100F27880DFE803F0057621761B7602
:1055600076761F00FDF742FAC0B968E0082B4FF0CD
:10557000010100F26880DFE803F005315566396605
:1055800066665300FDF732FA00284BD157E000BFA2
:10559000FDF758FA10B952E04FF400406A6802EB88
:1055A000420188424FF001014DD3130398424AD87B
:1055B000010E000210EB520041F100010023FAF746
:1055C0007BFE4FF60052A0F54071C0F20F029142EF
:1055D00033D337E0FDF720FA70B930E0FDF71CFA5D
:1055E00000BB2CE0FDF72EFA30B928E0FDF72AFACF
:1055F000C0B924E04FF4004069684A0802EB40005B
:10560000B0FBF1F04FF6EF72A0F11001914219D802
:105610004FF6F0710140C0F3420008440DE000BFB6
:105620004FF4004069684FF6EF7200EB5100B0FB99
:10563000F1F0A0F11001914204D82968C86000215E
:1056400001E000BF0121002208466A66AA66B0BDDB
:10565000010000000400000002000000080000003B
:105660004165A0F85820A0F85A20816800224266BF
:1056700071B1B1F1805F07D0B1F5805F0ED10169E2
:1056800051B940F2FF110AE0016919B13F2106E06A
:10569000016909B17F2102E0FF2100E00021A0F8AB
:1056A0005C100021C0F880102221C167016851E818
:1056B000021F026841F0010142E80213DBB10168F8
:1056C00051E8021F026841F0010142E8021393B160
:1056D000016851E8021F026841F0010142E802132B
:1056E0004BB1016851E8021F026841F0010142E834
:1056F0000213002BDAD182680169B2F5805F09D10B
:10570000D1B345F2FD21C0F600014166002180F8C9
:10571000741009E045F2FD22C0F600024266002244
:1057200080F8742081B300BF016851E8001F02684F
:1057300041F4907142E80013002B4AD0016851E80F
:10574000001F026841F4907142E80013002B40D022
:10575000016851E8001F026841F4907142E80013AB
:10576000BBB3016851E8001F026841F4907142E840
:105770000013002BD8D12CE045F2B511C0F6000182
:105780004166002180F87410016851E8001F02682A
:1057900041F0200142E80013DBB1016851E8001F2D
:1057A000026841F0200142E8001393B1016851E81A
:1057B000001F026841F0200142E800134BB101686C
:1057C00051E8001F026841F0200142E80013002B5D
:1057D000DAD10020704700002DE9F041044600684E
:1057E0001546C2690E461140891BB1FA81F149097B
:1057F0008D4240F09C80DDF81880B8F1000F27D072
:1058000018F101017CD100BFC1693140891BB1FA97
:1058100081F149098D4240F08A80C1693140891B7C
:10582000B1FA81F149098D4240F08180C16931406E
:10583000891BB1FA81F149098D4278D1C1693140A2
:10584000891BB1FA81F149098D42DDD06FE000BFBB
:10585000FCF73AFA206850E8000F216820F4D07075
:1058600041E80002BAB3206850E8000F216820F434
:10587000D07041E8000272B3206850E8000F216840
:1058800020F4D07041E800022AB3206850E8000FED
:10589000216820F4D07041E80002002ADAD11AE031
:1058A000206850E8020F216820F0010041E8020260
:1058B000DAB1206850E8020F216820F0010041E8C9
:1058C000020292B1206850E8020F216820F0010026
:1058D00041E802024AB1206850E8020F216820F036
:1058E000010041E80202002ADAD17C20782120223E
:1058F00062502250002084F874000320BDE8F0813B
:105900001F4600BFFCF7E0F9C01B4045A2D8206845
:105910000168490744BFC1695FEA01510AD4C069FF
:105920003040801BB0FA80F040098542EAD0002068
:10593000BDE8F0814FF40061016200BF206850E8CB
:10594000000F216820F4D07041E80002BAB320684B
:1059500050E8000F216820F4D07041E8000272B3D3
:10596000206850E8000F216820F4D07041E8000260
:105970002AB3206850E8000F216820F4D07041E875
:105980000002002ADAD11AE0206850E8020F2168EC
:1059900020F0010041E80202DAB1206850E8020F6D
:1059A000216820F0010041E8020292B1206850E82D
:1059B000020F216820F0010041E802024AB120688C
:1059C00050E8020F216820F0010041E80202002A9D
:1059D000DAD12020A06780207C2188E740F21C20BB
:1059E000C2F20000FEF7ECB9FEE7000010B586B089
:1059F00041F24C01C4F202010A68002442F4005250
:105A00000A60096801F40051009100990090062095
:105A10000190072002907F2003900420049040F220
:105A20005410C2F2000069460594FBF741FC18B11E
:105A3000A0B206B010BD00BF40F25410C2F2000088
:105A4000FBF756FF20B10024A0B206B010BD00BF86
:105A500040F25410C2F200006421FBF7D1FE08B1FD
:105A6000002406E040F25410C2F20000FBF7CEFD25
:105A7000044640F25410C2F20000FBF77BFFA0B2D4
:105A800006B010BD2DE9F04FABB001910231199174
:105A900000F11301189100F11401179100F11501A3
:105AA000169100F11601159100F11701149100F102
:105AB0001801139100F11901129100F11A011191CD
:105AC00000F11B01109100F11C010F9140F27801CF
:105AD000C2F2000101F1280500F11D010E9100F153
:105AE0001E010D9100F11F010C9100F120010B919D
:105AF00000F121010A9100F12201099100F1230135
:105B0000089100F1240100F1120207910290253062
:105B100000211A92069000BF19982A91084484B275
:105B20001A9889B21B9181B22846224601232991F5
:105B300006F0A2FD1898224681B22846012328913A
:105B400006F09AFD1798224681B228460123279134
:105B500006F092FD1698224681B22846012326912E
:105B600006F08AFD1598224681B228460123259128
:105B700006F082FD1498224681B228460123249122
:105B800006F07AFD1398224681B22846012323911C
:105B900006F072FD1298224681B228460123229116
:105BA00006F06AFD1198224681B228460123219110
:105BB00006F062FD1098224681B22846012320910A
:105BC00006F05AFD0F98224681B2284601231F9104
:105BD00006F052FD0E98224681B2284601231E91FE
:105BE00006F04AFD0D98224681B2284601231D91F8
:105BF00006F042FD0C98224681B2284601231C91F2
:105C000006F03AFD0B98224686B22846314601231B
:105C100006F032FD0A98224687B22846394601230B
:105C200006F02AFD099822461FFA80F828464146C8
:105C3000012306F021FD089822461FFA80FB284622
:105C40005946012306F018FD079822461FFA80F9ED
:105C500028464946012306F00FFD069822461FFA02
:105C600080FA28465146012306F006FD2A991B9822
:105C700001310728FFF450AFCDE91776029E019954
:105C800006F10A00199006F10B00129006F10C00C3
:105C9000119006F10D00109006F10E0006F1040EB1
:105CA0000F9006F10F0001F10E04711D0E901FFA06
:105CB0008EF0B21D0D9088B2F31D0C9090B206F1DB
:105CC00008070B9098B206F1090C0A90B8B2CDE91A
:105CD00015B84FF0000809901FFA8CF0CDE913A910
:105CE00008902A9408EB04001FFA88F11A9184B2F4
:105CF0000D9928462246012306F0BEFC0C99284641
:105D00002246012306F0B8FC0B99284622460123BF
:105D100006F0B2FC0A9928462246012306F0ACFCA4
:105D2000099928462246012306F0A6FC0899284630
:105D30002246012306F0A0FC1998224681B228468B
:105D400001231B9106F098FC129822461FFA80FB53
:105D500028465946012306F08FFC1198224686B248
:105D600028463146012306F087FC1098224687B268
:105D700028463946012306F07FFC0F9822461FFA79
:105D800080F928464946012306F076FC0E98224603
:105D90001FFA80FA28465146012306F06DFC1A9836
:105DA0002A9C092808F101089CD3CDE9116B029EB9
:105DB000CDE90F9706F128000E9006F129000D900D
:105DC00006F12A000C9006F12B000B9006F12C0036
:105DD0000A9006F12D00099006F12E0006F12F0120
:105DE00080B206F13002089088B206F131030790C4
:105DF00090B206F13207069098B233360590B8B2E9
:105E00004FF000080490B0B2CDF800A0039000BF9E
:105E100008EB040084B20E98224681B22846012382
:105E20001FFA88F91A9106F027FC0D98224681B2D4
:105E300028460123199106F01FFC0C9822461FFAF0
:105E400080FA28465146012306F016FC0B9822469C
:105E50001FFA80FB28465946012306F00DFC0A98DC
:105E6000224686B228463146012306F005FC0998F1
:105E7000224687B228463946012306F0FDFB0899E1
:105E800028462246012306F0F7FB079928462246BA
:105E9000012306F0F1FB069928462246012306F06D
:105EA000EBFB059928462246012306F0E5FB049901
:105EB00028462246012306F0DFFB039928462246A6
:105EC000012306F0D9FB2A9CB9F1090F08F101085A
:105ED0009ED30198029B08300E9003F1100003F14D
:105EE000110180B203F126020D9088B227330C9085
:105EF00090B2DDF800904FF000080B9098B20A9035
:105F00000E981FFA88F140442A9184B21B992846C2
:105F10002246012306F0B0FB1299284622460123AF
:105F200006F0AAFB119928462246012306F0A4FB9D
:105F3000109928462246012306F09EFB0F99284619
:105F40002246012306F098FB2846494622460123B3
:105F500006F092FB0D9928462246012306F08CFBA1
:105F60000C9928462246012306F086FB29992846EB
:105F70002246012306F080FB289928462246012369
:105F800006F07AFB279928462246012306F074FB87
:105F9000269928462246012306F06EFB25992846BD
:105FA0002246012306F068FB249928462246012355
:105FB00006F062FB239928462246012306F05CFB8B
:105FC000229928462246012306F056FB21992846AD
:105FD0002246012306F050FB209928462246012341
:105FE00006F04AFB1F9928462246012306F044FB8F
:105FF0001E9928462246012306F03EFB1D9928469D
:106000002246012306F038FB1C992846224601232C
:1060100006F032FB189928462246012306F02CFB95
:10602000179928462246012306F026FB1699284692
:106030002246012306F020FB15992846224601231B
:1060400006F01AFB149928462246012306F014FB99
:10605000139928462246012306F00EFB0B99284689
:106060002246012306F008FB0A992846224601230E
:1060700006F002FB1A9928462246012306F0FCFA94
:10608000199928462246012306F0F6FA2846514679
:106090002246012306F0F0FA2846594622460123FB
:1060A00006F0EAFA284631462246012306F0E4FAD1
:1060B000284639462246012306F0DEFA2A9808F1DE
:1060C00001080F28FFF41CAF0298DDF80490861C2D
:1060D00009F1140000271FFA80F800BFF01981B2FF
:1060E000284642460123BCB206F0C6FA332C07F11B
:1060F0000107F3D309F1150000271FFA80F800BF4C
:10610000F01981B2284642460123BCB206F0B4FA27
:10611000332C07F10107F3D309F1160000271FFA0A
:1061200080F800BFF01981B2284642460123BCB274
:1061300006F0A2FA332C07F10107F3D309F1170097
:1061400000271FFA80F800BFF01981B228464246A6
:106150000123BCB206F090FA332C07F10107F3D308
:1061600009F1180000271FFA80F800BFF01981B26A
:10617000284642460123BCB206F07EFA332C07F1D2
:106180000107F3D309F1190000271FFA80F800BFB7
:10619000F01981B2284642460123BCB206F06CFADF
:1061A000332C07F10107F3D32BB000F000B830BC5B
:1061B000BDE8C08F2DE9F04F97B0042902D917B080
:1061C00001F045BD05460129019001F0018000293B
:1061D00041F06E8105F1100005F1180105F111087B
:1061E000169105F1190180B205F11209159113906C
:1061F0001FFA88F005F1130A12901FFA89F005F1D1
:10620000140B11901FFA8AF005F1150710901FFA70
:106210008BF005F116060F90B8B205F117040E9039
:10622000B0B20D90A0B20C90169805F11B0E80B282
:106230000B90159805F11C0280B20A901FFA8EF09F
:1062400005F11D03149090B205F11E0C159098B243
:10625000294616901FFA8CF0099001F11F0080B2B8
:10626000089001F1200080B2079001F1210080B276
:10627000069001F1220080B2059001F1230080B266
:10628000049001F1240080B2039001F1250080B256
:1062900040F27805029001F12600C2F2000587B2B3
:1062A00001F12700283584B201F11A094FF0000AE4
:1062B0000AF1A8001FFA80F81399284642460123E4
:1062C0001FFA8AFB06F0D8F91299284642460123A4
:1062D00006F0D2F9119928464246012306F0CCF97E
:1062E000109928464246012306F0C6F90F99284620
:1062F0004246012306F0C0F90E9928464246012382
:1063000006F0BAF90D9928464246012306F0B4F981
:106310000C9928464246012306F0AEF90B9928460F
:106320004246012306F0A8F90A992846424601236D
:1063300006F0A2F91FFA89F62846314642460123A3
:1063400006F09AF9149928464246012306F094F97A
:10635000159928464246012306F08EF916992846DB
:106360004246012306F088F909992846424601234E
:1063700006F082F9089928464246012306F07CF986
:10638000079928464246012306F076F906992846E1
:106390004246012306F070F905992846424601233A
:1063A00006F06AF9049928464246012306F064F98A
:1063B000039928464246012306F05EF902992846D1
:1063C0004246012306F058F9284639464246012341
:1063D00006F052F9284621464246012306F04CF9C0
:1063E000BBF1170F0AF1010AFFF462AF28463146EC
:1063F0009E22012306F040F9DDF8508028464146F0
:106400009E22012306F038F9159F284639469E2220
:10641000012306F031F9169C284621469E220123CD
:1064200006F02AF9284631469F22012306F024F976
:10643000284641469F22012306F01EF92846394688
:106440009F22012306F018F9284621469F220123A6
:1064500006F012F928463146A022012306F00CF975
:1064600028464146A022012306F006F9284639466F
:10647000A022012306F000F928462146A02201238C
:1064800006F0FAF828463146A122012306F0F4F876
:1064900028464146A122012306F0EEF82846394657
:1064A000A122012306F0E8F828462146A122012373
:1064B00006F0E2F828463146A222012306F0DCF875
:1064C00028464146A222012306F0D6F8284639463E
:1064D000A222012306F0D0F828462146A222012359
:1064E00006F0CAF828463146A322012306F0C4F874
:1064F00028464146A322012306F0BEF82846394625
:10650000A322012306F0B8F828462146A32201233E
:1065100006F0B2F828463146A422012306F0ACF872
:1065200028464146A422012306F0A6F8284639460B
:10653000A422012306F0A0F828462146A422012324
:1065400006F09AF828463146A522012306F094F871
:1065500028464146A522012306F08EF828463946F2
:10656000A522012306F088F828462146A52201230A
:1065700006F082F828463146C222012306F07CF854
:1065800028464146C222012306F076F828463946BD
:10659000C222012306F070F828462146C2220123B8
:1065A00006F06AF828463146C322012306F064F853
:1065B00028464146C322012306F05EF828463946A4
:1065C000C322012306F058F828462146C32201239E
:1065D00006F052F828463146C422012306F04CF852
:1065E00028464146C422012306F046F8284639468B
:1065F000C422012306F040F828462146C422012384
:1066000006F03AF828463146C522012306F034F850
:1066100028464146C522012306F02EF82846394671
:10662000C522012306F028F828462146C522012369
:1066300006F022F828463146C622012306F01CF84F
:1066400028464146C622012306F016F82846394658
:10665000C622012306F010F828462146C62201234F
:1066600006F00AF828463146C722012306F004F84E
:1066700028464146C722012305F0FEFF2846394639
:10668000C722012305F0F8FF28462146C72201232F
:1066900005F0F2FF28463146C822012305F0ECFF41
:1066A00028464146C822012305F0E6FF2846394620
:1066B000C822012305F0E0FF28462146C822012315
:1066C00005F0DAFF28463146C922012305F0D4FF40
:1066D00028464146C922012305F0CEFF2846394607
:1066E000C922012305F0C8FF28462146C9220123FB
:1066F00005F0C2FF019E28463146B222012305F073
:10670000BBFF701C1FFA80F828464146B2220123C5
:1067100005F0B2FFB01C1FFA80FB28465946B22292
:10672000012305F0A9FFF01C81B22846B222012303
:10673000169105F0A1FF301D84B228462146B222F1
:10674000012305F099FF701D81B22846B222012372
:106750008A4605F091FFB01D1FFA80F92846494688
:10676000B2220123CDF8489005F086FFF01D81B2DA
:106770002846B2220123149105F07EFF28463146B7
:10678000B322012305F078FF28464146B3220123B6
:10679000CDF8548005F070FF28465946B3220123F6
:1067A000CDF84CB005F068FF169F28463946B32255
:1067B000012305F061FF28462146B322012305F09D
:1067C0005BFF28465146B322012305F055FF2846BA
:1067D0004946B322012305F04FFFDDF850902846CB
:1067E0004946B322012305F047FF28463146B4222B
:1067F000012305F041FF28464146B422012305F05C
:106800003BFF28465946B422012305F035FF2846B0
:106810003946B422012305F02FFF28462146B42231
:106820000123119405F028FF28465146B422012384
:10683000CDF83CA005F020FFDDF848B028465946C9
:10684000B422012305F018FF28464946B42201234B
:1068500005F012FF28463146B522012305F00CFF52
:1068600015992846B522012305F006FF13992846FD
:10687000B522012305F000FF28463946B522012341
:1068800005F0FAFE28462146B522012305F0F4FE64
:1068900028465146B522012305F0EEFE284659460A
:1068A000B522012305F0E8FE28464946B52201231A
:1068B00005F0E2FE06F130001FFA80F9284649464D
:1068C000B222012305F0D8FE06F131001FFA80FB49
:1068D00028465946B2220123CDF854B005F0CCFE2B
:1068E00006F1320081B22846B2220123169105F04A
:1068F000C3FE06F133001FFA80FA28465146B22241
:106900000123CDF84CA005F0B7FE06F1340084B2A7
:1069100028462146B222012305F0AEFE06F13500DD
:1069200087B228463946B22201230C9705F0A4FE0F
:1069300006F1360081B22846B22201230E9105F0FD
:106940009BFE06F137001FFA80F828464146B22226
:10695000012305F091FE28464946B322012305F0A4
:106960008BFE28465946B322012305F085FE169E6C
:1069700028463146B322012305F07EFE28465146C3
:10698000B322012305F078FE28462146B3220123D5
:10699000A3460D9405F070FE28463946B322012324
:1069A00005F06AFEDDF838A028465146B3220123DF
:1069B00005F062FE28464146B322012305F05CFE45
:1069C00028464946B4220123CDF8409005F054FEF4
:1069D000159C28462146B422012305F04DFE284689
:1069E0003146B422012305F047FE139F284639465D
:1069F000B422012305F040FE28465946B422012363
:106A000005F03AFEDDF830B028465946B42201239D
:106A100005F032FE28465146B422012305F02CFE33
:106A200028464146B422012305F026FE2846494661
:106A3000B522012305F020FE28462146B522012378
:106A400005F01AFE28463146B522012305F014FE52
:106A500028463946B522012305F00EFE0D99284639
:106A6000B522012305F008FE28465946B522012328
:106A700005F002FE28465146B522012305F0FCFD33
:106A800028464146B522012305F0F6FD119C284613
:106A90002146A022012305F0EFFD0F9E2846314636
:106AA000A022012305F0E8FD129F28463946A022C6
:106AB000012305F0E1FDDDF8509028464946A0226B
:106AC000012305F0D9FDDDF80480A02208F10800BB
:106AD00081B2284601238A4605F0CEFD08F109005F
:106AE00081B22846A02201238B4605F0C5FD284629
:106AF0002146A122012305F0BFFD28463146A122EF
:106B0000012305F0B9FD28463946A122012305F0ED
:106B1000B3FD28464946A12201234C4605F0ACFDB1
:106B200028465146A122012305F0A6FD28465946D4
:106B3000A1220123D94605F09FFDDDF844B0284687
:106B40005946A222012305F097FD28463146A2228C
:106B5000012305F091FD28463946A222012305F0C4
:106B60008BFD28462146A222012305F085FD2846FB
:106B70005146A222012305F07FFD28464946A22264
:106B8000012305F079FD28465946A322012305F08B
:106B900073FD28463146A322012305F06DFD2846EA
:106BA0003946A322012305F067FD28462146A3228A
:106BB000012305F061FD28465146A32201235446D6
:106BC00005F05AFD28464946A322012305F054FD4D
:106BD00028465946A422012305F04EFD2846314699
:106BE000A422012305F048FD28463946A4220123AA
:106BF00005F042FDDDF850A028465146A4220123AD
:106C000005F03AFD28462146A42201230E9405F002
:106C100033FD28464946A4220123CDF8349005F0DF
:106C20002BFD28465946A522012305F025FD2846BF
:106C30003146A522012305F01FFD28463946A5222D
:106C4000012305F019FD28465146A522012305F030
:106C500013FD28462146A522012305F00DFD2846F7
:106C60004946A522012305F007FD08F12E001FFA71
:106C700080FB28465946A022012305F0FDFC08F1BF
:106C80002F001FFA80F828464146A022012305F074
:106C9000F3FC109C28462146A022012305F0ECFCC1
:106CA000DDF854A028465146A022012305F0E4FC5B
:106CB000169F28463946A022012305F0DDFC139ECD
:106CC00028463146A022012305F0D6FC2846594625
:106CD000A122012305F0D0FC28464146A122012330
:106CE00005F0CAFC28462146A1220123A14605F051
:106CF000C3FC28465146A1220123544605F0BCFCA2
:106D000028463946A122012305F0B6FC2846314623
:106D1000A122012305F0B0FC28465946A2220123F6
:106D200005F0AAFC28464146A222012305F0A4FC56
:106D300028464946A222012305F09EFC284621460A
:106D4000A222012305F098FC28463946A2220123FD
:106D500005F092FC28463146A222012305F08CFC66
:106D600028465946A322012305F086FC28464146C1
:106D7000A322012305F080FC28464946A3220123D3
:106D800005F07AFC28462146A322012305F074FC75
:106D900028463946A322012305F06EFC28463146D9
:106DA000A322012305F068FC28465946A4220123AA
:106DB000CDF830B005F060FC28464146A4220123FE
:106DC00005F05AFC28464946A422012305F054FC4C
:106DD00028462146A422012305F04EFC28463946C8
:106DE000A422012305F048FC28463146A4220123B1
:106DF00005F042FC28465946A522012305F03CFC3B
:106E000028464146A522012305F036FC284649467E
:106E1000A522012305F030FC28462146A5220123A6
:106E200005F02AFC28463946A522012305F024FC5A
:106E300028463146A522012305F01EFC119C284658
:106E40002146C222012305F017FC0F9F2846394630
:106E5000C222012305F010FCDDF848A02846514667
:106E6000C222012305F008FC149E28463146C222A6
:106E7000012305F001FCDDF838B028465946C2224E
:106E8000012305F0F9FBDDF8349028464946C2227B
:106E9000012305F0F1FB28462146C322012305F01A
:106EA000EBFB28463946C322012305F0E5FB2846C3
:106EB0005146C322012305F0DFFB28463146C32299
:106EC000012305F0D9FB28465946C322012305F0CA
:106ED000D3FB28464946C322012305F0CDFB2846B3
:106EE0002146C422012305F0C7FB28463946C422A7
:106EF000012305F0C1FB28465146C422012305F0B9
:106F0000BBFB28463146C422012305F0B5FB2846C9
:106F10005946C422012305F0AFFB28464946C42246
:106F2000012305F0A9FB28462146C522012305F0CF
:106F3000A3FB28463946C522012305F09DFB2846C0
:106F40005146C522012305F097FB28463146C5224C
:106F5000012305F091FB28465946C522012305F07F
:106F60008BFB28464946C522012305F085FB2846B0
:106F70002146C622012305F07FFB28463946C6225A
:106F8000012305F079FB28465146C622012305F06E
:106F900073FB28463146C622012305F06DFB2846C7
:106FA0005946C622012305F067FB28464946C622FA
:106FB000012305F061FB28462146C722012305F085
:106FC0005BFB28463946C722012305F055FB2846BE
:106FD0005146C722012305F04FFB28463146C72200
:106FE000012305F049FB28465946C722012305F035
:106FF00043FB28464946C722012305F03DFBDDF847
:10700000309028464946C222012305F035FB284628
:107010004146C222012305F02FFBDDF840A028469F
:107020005146C222012305F027FB159E2846314612
:10703000C222012305F020FB169C28462146C222CD
:10704000012305F019FBDDF84CB028465946C22251
:10705000012305F011FB28464946C322012305F010
:107060000BFB28464146C322012305F005FB2846B9
:107070005146C322012305F0FFFA28463146C322B8
:10708000012305F0F9FA28462146C322012305F021
:10709000F3FA28465946C322012305F0EDFA2846A3
:1070A0004946C42201234E4605F0E6FA28464146E9
:1070B000C4220123474605F0DFFA28465146C42280
:1070C000012305F0D9FADDF8548028464146C42250
:1070D000012305F0D1FADDF8589028464946C4222C
:1070E000012305F0C9FA28465946C422012305F0B8
:1070F000C3FA28463146C522012305F0BDFA2846C9
:107100003946C522012305F0B7FA28465146C52263
:10711000012305F0B1FA28464146C522012305F0B6
:10712000ABFA28464946C522012305F0A5FA2846B0
:107130005946C522012305F09FFA28463146C6224A
:10714000012305F099FA28463946C622012305F0A5
:1071500093FA28465146C622012305F08DFA2846A7
:107160004146C622012305F087FA28464946C62231
:10717000012305F081FA28465946C622012305F06D
:107180007BFA28463146C722012305F075FA2846C6
:107190003946C722012305F06FFA28465146C72217
:1071A000012305F069FA28464146C722012305F06C
:1071B00063FA28464946C722012305F05DFA2846AE
:1071C0005946C722012317B000F044BD05F054BA58
:1071D00005F1260005F1270105F1310480B205F122
:1071E00028020E94169088B205F12903159090B2EA
:1071F00005F12A07149098B205F12B061390B8B246
:1072000005F12C0C1290B0B205F12D0E11901FFA61
:107210008CF010901FFA8EF00F9040F278040E98C8
:1072200005F12E0805F12F0A05F1300BC2F200041A
:10723000002528341FFA88F91FFA8AFA1FFA8BFBF7
:1072400086B200BF05F19E0087B2169920463A46E5
:1072500001231FFA85F805F00FFA159920463A46E2
:10726000012305F009FA149920463A46012305F056
:1072700003FA139920463A46012305F0FDF91299C5
:1072800020463A46012305F0F7F9119920463A467F
:10729000012305F0F1F9109920463A46012305F043
:1072A000EBF90F9920463A46012305F0E5F920460F
:1072B00049463A46012305F0DFF9204651463A4651
:1072C000012305F0D9F9204659463A46012305F035
:1072D000D3F9204631463A46012305F0CDF9B8F1FD
:1072E0000B0F05F10105ADD3DDF80490A22209F1E1
:1072F00022001FFA80F820464146012305F0BCF920
:1073000009F1230086B220463146A222012305F06E
:10731000B3F909F1240087B220463946A22201239D
:1073200005F0AAF909F1250085B220462946A222D6
:10733000012305F0A1F920464146A322012305F0CF
:107340009BF920463146A322012305F095F92046FA
:107350003946A322012305F08FF920462946A322AE
:10736000012305F089F920464146A422012305F0B6
:1073700083F920463146A422012305F07DF92046F9
:107380003946A422012305F077F920462946A42294
:10739000012305F071F920464146A522012305F09D
:1073A0006BF920463146A522012305F065F92046F8
:1073B0003946A522012305F05FF920462946A5227A
:1073C000012305F059F909F132001FFA80F820462F
:1073D0004146A222012305F04FF909F1330086B29C
:1073E00020463146A222012305F046F909F1340076
:1073F00087B220463946A222012305F03DF909F162
:10740000350085B220462946A222012305F034F931
:1074100020464146A322012305F02EF9204631469D
:10742000A322012305F028F920463946A32201238F
:1074300005F022F920462946A322012305F01CF974
:1074400020464146A422012305F016F92046314684
:10745000A422012305F010F920463946A422012375
:1074600005F00AF920462946A422012305F004F973
:1074700020464146A522012305F0FEF8204631466C
:10748000A522012305F0F8F820463946A52201235C
:1074900005F0F2F820462946A522012305F0ECF874
:1074A0004846AE2117B000F0DABBFEF7EBBA00BFDA
:1074B00028460C46A221FEF7E5FA032C00F0C68010
:1074C000042C7EF47CAEA81C1590E81C149040F2AD
:1074D0007800C2F20000002100F12804C1EBC100D5
:1074E0000C2202EB400B55FA8BF71FFA87F8169126
:1074F00020464146C422012305F0BEF8781C1FFA3D
:1075000080F920464946C422012305F0B5F8B81C8D
:107510001FFA80FA20465146C422012305F0ACF838
:10752000F81C85B220462946C422012305F0A4F8A0
:10753000381D86B220463146C422012305F09CF84E
:10754000781D87B220463946C422012305F094F8FD
:1075500020464146C522012305F08EF820464946C3
:10756000C522012305F088F820465146C522012393
:1075700005F082F820462946C522012305F07CF853
:1075800020463146C522012305F076F820463946CB
:10759000C522012305F070F81598149950FA8BF064
:1075A00085B251FA8BF620462946C222012305F006
:1075B00063F8B6B220463146C222012305F05CF8DA
:1075C00020462946C322012305F056F820463146BD
:1075D000C322012305F050F820462946C422012386
:1075E00005F04AF820463146C422012305F044F84C
:1075F00020462946C522012305F03EF820463146A3
:10760000C522012305F038F820462946C622012369
:1076100005F032F820463146C622012305F02CF849
:1076200020462946019DC722012305F025F8204662
:107630003146C722012305F01FF81698022800F1F1
:107640000101FFF44BAFFEF7BABD00BF40F2780175
:1076500005F10C00C2F20001A84601F128051FFA4D
:1076600080F928464946C022012305F005F808F1B3
:107670000D0086B228463146C022012304F0FCFFEB
:1076800008F10E0087B228463946C022012304F0D3
:10769000F3FF08F10F0084B228462146C0220123DF
:1076A00004F0EAFF28464946C122012304F0E4FF22
:1076B00028463146C122012304F0DEFF2846394620
:1076C000C122012304F0D8FF28462146C12201230C
:1076D00004F0D2FF28464946C222012304F0CCFF21
:1076E00028463146C222012304F0C6FF2846394607
:1076F000C222012304F0C0FF28462146C2220123F2
:1077000004F0BAFF28464946C322012304F0B4FF1F
:1077100028463146C322012304F0AEFF28463946ED
:10772000C322012304F0A8FF28462146C3220123D7
:1077300004F0A2FF28464946C422012304F09CFF1E
:1077400028463146C422012304F096FF28463946D4
:10775000C422012304F090FF28462146C4220123BD
:1077600004F08AFF28464946C522012304F084FF1D
:1077700028463146C522012304F07EFF28463946BB
:10778000C522012304F078FF28462146C5220123A3
:1077900004F072FF28464946C622012304F06CFF1C
:1077A00028463146C622012304F066FF28463946A2
:1077B000C622012304F060FF28462146C622012389
:1077C00004F05AFF28464946C722012304F054FF1B
:1077D00028463146C722012304F04EFF2846394689
:1077E000C722012304F048FF28462146C72201236F
:1077F00004F042FF28464946C822012304F03CFF1A
:1078000028463146C822012304F036FF284639466F
:10781000C822012304F030FF28462146C822012354
:1078200004F02AFF28464946C922012304F024FF18
:1078300028463146C922012304F01EFF2846394656
:10784000C922012304F018FF28462146C92201233A
:1078500004F012FF08F11A001FFA80F92846494681
:10786000C022012304F008FF08F11B0086B228465D
:107870003146C022012304F0FFFE08F11C0087B24C
:1078800028463946C022012304F0F6FE08F11D0007
:1078900084B228462146C022012304F0EDFE28468A
:1078A0004946C122012304F0E7FE28463146C122A1
:1078B000012304F0E1FE28463946C122012304F0E9
:1078C000DBFE28462146C122012304F0D5FE2846CE
:1078D0004946C222012304F0CFFE28463146C22287
:1078E000012304F0C9FE28463946C222012304F0D0
:1078F000C3FE28462146C222012304F0BDFE2846CD
:107900004946C322012304F0B7FE28463146C3226C
:10791000012304F0B1FE28463946C322012304F0B6
:10792000ABFE28462146C322012304F0A5FE2846CB
:107930004946C422012304F09FFE28463146C42252
:10794000012304F099FE28463946C422012304F09D
:1079500093FE28462146C422012304F08DFE2846CA
:107960004946C522012304F087FE28463146C52238
:10797000012304F081FE28463946C522012304F084
:107980007BFE28462146C522012304F075FE2846C9
:107990004946C622012304F06FFE28463146C6221E
:1079A000012304F069FE28463946C622012304F06B
:1079B00063FE28462146C622012304F05DFE2846C8
:1079C0004946C722012304F057FE28463146C72204
:1079D000012304F051FE28463946C722012304F052
:1079E0004BFE28462146C722012304F045FE2846C7
:1079F0004946C822012304F03FFE28463146C822EA
:107A0000012304F039FE28463946C822012304F038
:107A100033FE28462146C822012304F02DFE2846C5
:107A20004946C922012304F027FE28463146C922CF
:107A3000012304F021FE28463946C922012304F01F
:107A40001BFE28462146C922012304F015FE08F139
:107A500028001FFA80F928464946C022012304F075
:107A60000BFE08F1290086B228463146C0220123C8
:107A700004F002FE08F12A0087B228463946C022E7
:107A8000012304F0F9FD08F12B0084B228462146B9
:107A9000C022012304F0F0FD28464946C1220123FB
:107AA00004F0EAFD28463146C122012304F0E4FD3A
:107AB00028463946C122012304F0DEFD284621462E
:107AC000C122012304F0D8FD28464946C2220123E1
:107AD00004F0D2FD28463146C222012304F0CCFD39
:107AE00028463946C222012304F0C6FD2846214615
:107AF000C222012304F0C0FD28464946C3220123C7
:107B000004F0BAFD28463146C322012304F0B4FD37
:107B100028463946C322012304F0AEFD28462146FB
:107B2000C322012304F0A8FD28464946C4220123AC
:107B300004F0A2FD28463146C422012304F09CFD36
:107B400028463946C422012304F096FD28462146E2
:107B5000C422012304F090FD28464946C522012392
:107B600004F08AFD28463146C522012304F084FD35
:107B700028463946C522012304F07EFD28462146C9
:107B8000C522012304F078FD28464946C622012378
:107B900004F072FD28463146C622012304F06CFD34
:107BA00028463946C622012304F066FD28462146B0
:107BB000C622012304F060FD28464946C72201235E
:107BC00004F05AFD28463146C722012304F054FD33
:107BD00028463946C722012304F04EFD2846214697
:107BE000C722012304F048FD28464946C822012344
:107BF00004F042FD28463146C822012304F03CFD32
:107C000028463946C822012304F036FD284621467D
:107C1000C822012304F030FD28464946C922012329
:107C200004F02AFD28463146C922012304F024FD30
:107C300028463946C922012304F01EFD2846214664
:107C4000C922012317B000F00FB804F015BD30BCF5
:107C5000BDE8C08F30BCBDE8C04FFFF7B7BA30BC3D
:107C6000BDE8C04FFFF721BC30BCBDE8C04FFFF7F7
:107C7000ECBF0000BAB040F2004941F24C0842F6B5
:107C8000000AC4F60009C4F20208C4F2000AFAF7B6
:107C900001FBFDF79BF900271097CDE90E77CDE9A1
:107CA0000C77D8F80000502140F00400C8F800001C
:107CB000D8F80000012200F0040029902998D8F893
:107CC0000000502540F08000C8F80000D8F80000FF
:107CD000012400F0800029902998D8F8000040F095
:107CE0000100C8F80000D8F8000000F00100299059
:107CF0002998D8F8000040F00200C8F80000D8F831
:107D0000000000F00200299029984FF09040F9F708
:107D1000D5FF484601210122F9F7D0FFCDE90C54E7
:107D20000CAD02264FF0904029460E970F96F9F7BA
:107D3000E9FE48462946CDE90C44CDE90E76F9F72F
:107D4000E1FE484602210022F9F7B8FF48462946DD
:107D5000CDE90C64CDE90E77F9F7D4FE0320CDE927
:107D60000D0749F601700C904FF090402946F9F745
:107D7000C9FE4FF63C700C9048462946F9F7C2FE02
:107D800043F6FF700C9009F580602946F9F7BAFEBA
:107D900040F2B8150AF58430C2F200054FF4827142
:107DA00085E8830007204FF4E0624FF40073C5E9D3
:107DB0000A702846C5E90327C5E90573EF61C5E9DF
:107DC0000877C5E90C77FBF793FD28B1EFF3108036
:107DD00072B600BFFEE700BF40F2DC0BC2F2000B40
:107DE0000AF53051584640F8241F43F65B51C0F263
:107DF0003001C0E90117C0E90347C0E90577C0E9D0
:107E00000777F9F7B1FF28B1EFF3108072B600BF22
:107E1000FEE700BF0BF1240630460021F9F75AFFB8
:107E200020B1EFF3108072B6FEE700BF30460021AC
:107E30000024F9F775FF28B1EFF3108072B600BF88
:107E4000FEE700BF40F21C200AF5E051C2F200003C
:107E50000C274FF4E13280E81600C0E90344C0E982
:107E60000574C0E907444462FCF78EFA20B1EFF3D1
:107E7000108072B6FEE700BF40F27800C2F2000048
:107E800040F8285F4FF0904141611022416040214D
:107E9000012402830181C0F80C90048204F048FCA4
:107EA000D8F80000002540F40050C8F80000D8F8C9
:107EB00000000CA900F400500C900C98D8F80000B9
:107EC00040F00100C8F80000D8F8000000F0010000
:107ED0000C900C9802200C900320CDE90D054FF07A
:107EE0009040CDE90F55F9F70DFE40F254100021F6
:107EF000C2F20000C5F204014FF44032042380E8CE
:107F000026008021C0E9035543610583C46180F8E0
:107F10002050C0E90A5580F83050456380F8384059
:107F2000C0E90F71C0E91154F9F774FB30B940F2A0
:107F30005410C2F200007F21F9F750F940F278079F
:107F4000C2F2000707F1200420463146442203F024
:107F500025F840F21C20C2F2000039460122FCF74D
:107F6000BDFAD8F844000BF1080240F40040C8F80C
:107F70004400D8F80C00FF2140F48060C8F80C00E1
:107F8000D8F80C0000F480600C900C987F2023C27D
:107F90005846CBE900A5CBE90555CBF81C50FBF7BB
:107FA000D3FA28B1EFF3108072B600BFFEE700BF2E
:107FB00040F2DC00C2F20000002109940024FBF72B
:107FC0009FF943F2F22188421DD040F2041040F2A2
:107FD000DC05C1F60120C2F20005299029A9284636
:107FE00000221094CDE90E44CDE90C44FBF710FBC0
:107FF0000CA928460022FBF7B1FB2846002143F2DA
:10800000F222FBF783F9032005210022FAF7A6F9F3
:108010000320FAF791F940F21C20C2F200004FF45D
:1080200000110022FBF782FE20B1EFF3108072B640
:10803000FEE700BF40F21C25C2F200052846FBF710
:108040003FFE28B1EFF3108072B600BFFEE700BF1D
:1080500028680124816847F2AA5641F4800140F261
:10806000400A8160262005210022C8F20004C1F6E2
:10807000FF76C1F6201A4FF0000BFAF76FF92620B1
:10808000FAF75AF940F2DC05C2F200052846FBF780
:1080900049F9284604210422FBF77CF9F9F7C4FCCE
:1080A0002046FDF7A3FC05465046FDF79FFCBDB1F9
:1080B000318840F6B8325143B1FBF5F1D8F80020D1
:1080C000484322F4005142F6FB72C8F80010C0F297
:1080D0000012099CB2EB400F0CD24FF0050B31E0BF
:1080E0000020099C40F6AB51884288BF4FF0010B3D
:1080F00028E000BF4BF2C3024100C0F2F3029142FC
:1081000002D94FF0040B1DE047F22712C0F2ED0236
:10811000914203D94FF0030B0FE000BF43F28B12E3
:10812000C0F2E702914240F20112C0F21002A1FB3C
:10813000022140F229824FF0020B40F27807099C9D
:10814000C2F200074846022101220126F9F7B6FDD6
:108150007E700025F868BD70FD71BD61F86840F261
:10816000541A386140F20000C2F200000130C2F23D
:10817000000A079000200890CDE90A00787808B33B
:10818000B87858B1484602210022F9F797FD7D7072
:10819000F868002814BFF868012011E0F868396910
:1081A000401A5A2822D3484602210022F9F786FDB8
:1081B0007D70F86842F2D871401A012898BF3046A5
:1081C000786113E0F868796981B1401A42F630218C
:1081D00088420BD3484602210122F9F76FFD7E70D9
:1081E000F868BD70FD71BD61F86838610CAE20465D
:1081F000314602F0D7FE00280A98BDF83010BDF8CD
:10820000322008BF10460A90F8680B9A08BF0A4649
:1082100008990B92401A1E28C0F0CD80F8687F257F
:108220000890D8F800004FF0040B40F40050C8F854
:108230000000D8F80000072700F400500C900C98BC
:108240000120C8F200000C9006200D90002450463A
:108250003146CDE90E75CDF840B01194F9F728F804
:10826000062100284FF000001DD15046F9F740FBD1
:1082700010B1002011E000BF50466421F9F7C0FAA8
:1082800010B1002004E000BF5046F9F7BFF980B2FA
:1082900006905046F9F76EFB0698062107277F25C2
:1082A0004FF0040B00240690D8F800000CAA40F40C
:1082B0000050C8F80000D8F8000000F400500C90FE
:1082C0000C984020C1F6201083C250463146CDE9BB
:1082D0000F5B1194F8F7ECFF40F278074FF00005C0
:1082E000C2F200074FF00004A8B95046F9F700FBAE
:1082F00010B100240FE000BF50466421F9F780FA66
:1083000010B1002404E000BF5046F9F77FF904469D
:108310005046F9F72FFB069A02B347F2AA50C1F66E
:10832000FF70008840F6B83148434FF6FE71B0FB4D
:10833000F2F0C0F20101D8F8002001EA44014843FC
:1083400022F4005142F6FB72C0F200129042C8F8CB
:1083500000100DD94FF0050B2DE000BF002040F6B6
:10836000AB514FF0000B884288BF4FF0010B22E069
:108370004BF2C301C0F2F301884203D94FF0040B62
:1083800019E000BF47F22711C0F2ED01884203D97E
:108390004FF0030B0FE000BF43F28B11C0F2E70177
:1083A000884240F20111C0F21001A0FB012140F20D
:1083B000C7804FF0020B40F2DC04C2F200042046FA
:1083C000314600220026FBF78FF8204629A900221B
:1083D000FBF75EF89DF830009DF831109DF83220D3
:1083E00038717971BA719DF8A5409DF8A6709DF815
:1083F000A73007980B2169A2CDE9004740F2780425
:10840000C2F20004F7F7D0FFA06930B1E068A169BB
:108410000026401A3C2838BF0126E06930B140F2FE
:108420000000C2F20000027801E000BFFF22E06914
:1084300040F2780700280B98C2F2000700B20B90B8
:1084400014BFE378002320796179BF7940F278077F
:10845000C2F200075BB252B2FF79CDE902230A9A59
:108460005FFA8BF493B20B9ACDE9006740F278077C
:10847000C2F20007049400F09BF840F21C20C2F204
:10848000000039460122FCF729F83D72FBF70EFC8B
:108490000120F9F7E5FF29AC20464421F8F7BEF9A1
:1084A0000CA860212895CDE92655CDE92455F8F78B
:1084B000B5F9F9F7FDFFD8F84400012620F01800BF
:1084C000C8F84400162029904FF480702C9010209A
:1084D0002D906020319020462B96CDE92F65339664
:1084E000FAF714FB90BB0F20CDE9240624A8022143
:1084F000CDE926552895FAF759F9099C60BB10205B
:10850000299029A82F953395FAF700FB50BB4FF41B
:108510008060F9F75FFF58BB4FF002100C904FF4EA
:1085200080702390082015900CA8F9F7CBFF28BB8A
:10853000FBF7D4F9787800287FF422AE42E600BF3A
:10854000401A01EB5000C00A09E700BFEFF31080AA
:1085500072B600BFFEE700BFEFF3108072B600BF37
:10856000FEE700BFEFF3108072B600BFFEE700BF6A
:10857000EFF3108072B600BFFEE700BFEFF310808C
:1085800072B600BFFEE700BFC1EB400001EB500038
:1085900040F27807C00AC2F20007A2E53230253067
:1085A00032642D253032642D253032640000000005
:1085B0002DE9F04F81B02DED068BA8B016B21D4607
:1085C00014468B468146002B82EAE6385CD000EEEA
:1085D000104A9FED271A02EE105AB8EEC00AB8EE04
:1085E000422A20EE010A22EE011AB7EE002A9FED80
:1085F000213A9FED218A9FED219AB4EE421AF1EEC5
:1086000010FAB8BFB0EE421AB4EE431A20EE082AB0
:1086100030EE090AF1EE10FAC8BFB0EE431A82EE4E
:1086200000AA81EE030A05F02BFA3AEE000A20EECA
:10863000091A38EE400A81EE000A9FED111A9FEDEB
:10864000112AB4EE410AF1EE10FAC8BFB0EE410AA9
:10865000B4EE420AF1EE10FAB8BFB0EE420AB2EE42
:10866000041A20EE010ABDEEC00A10EE107A0CE0EA
:10867000CDCCCC3D0000C842F6288A4133B36D43CF
:10868000CDCCC742CDCCC7C20027002D109518BF56
:108690000125002FBA464FF000000F9548BFC7F1E3
:1086A000000A502FB8BF01200E900FF6C82224A850
:1086B00010214B46A8EBE638CDF800B0F7F774FE72
:1086C00046F2676B1BFB08F08114002C01EBD074A1
:1086D0004DF6787504EB8400C0F60005A8EB400069
:1086E0004DF677792B4606B20FF6942220A84FF06C
:1086F0001001C0F6000948BF4B46CDE90046F7F728
:1087000053FE10994CF6CD404843C30C03EB830055
:10871000A1EB400086B20FF674221CA8102100962F
:10872000F7F742FE1BFB0AF08114002F01EBD07714
:1087300007EB8700AAEB400048BF4D4606B20FF694
:10874000582218A810212B46CDE90076F7F72CFE09
:1087500040F201303A99ADF85E003B98B1F1FF3F2D
:108760008DF85A0041F218308DF85D10ADF85B00BD
:1087700005DC00208DF85D0016208DF85A0040F2CF
:108780007800C2F2000000F128084046002103F002
:10879000C1FF404604210522012303F06DFF40463E
:1087A00005210522012303F067FF4046062105222B
:1087B000012303F061FF404607210522012307251D
:1087C00003F05AFF4046082105220123082403F044
:1087D00053FF40460921052201234FF0090903F008
:1087E0004BFF40460A210522012303F045FF404686
:1087F0000B210522012303F03FFF40460C210522F7
:10880000012303F039FF40460D210522012303F027
:1088100033FF40460E210522012303F02DFF404681
:108820000F210522012303F027FF404610210522D6
:10883000012303F021FF404611210522012303F00B
:108840001BFF404612210522012303F015FF40467D
:1088500013210522012303F00FFF404614210522B6
:10886000012303F009FF404615210522012303F0EF
:1088700003FF404616210522012303F0FDFE40467A
:1088800017210522012303F0F7FE40461821052297
:10889000012303F0F1FE404619210522012303F0D4
:1088A000EBFE40461A210522012303F0E5FE404677
:1088B0001B210522012303F0DFFE4046042106228E
:1088C000012303F0D9FE404605210622012303F0CF
:1088D000D3FE404606210622012303F0CDFE40468A
:1088E00007210622012303F0C7FE40460821062285
:1088F000012303F0C1FE404609210622012303F0B3
:10890000BBFE40460A210622012303F0B5FE404685
:108910000B210622012303F0AFFE40460C21062264
:10892000012303F0A9FE40460D210622012303F096
:10893000A3FE40460E210622012303F09DFE404681
:108940000F210622012303F097FE40461021062244
:10895000012303F091FE404611210622012303F07A
:108960008BFE404612210622012303F085FE40467D
:1089700013210622012303F07FFE40461421062224
:10898000012303F079FE404615210622012303F05E
:1089900073FE404616210622012303F06DFE404679
:1089A00017210622012303F067FE40461821062204
:1089B000012303F061FE404619210622012303F042
:1089C0005BFE40461A210622012303F055FE404675
:1089D0001B210622012303F04FFE404604211122F1
:1089E000012303F049FE404605211122012303F033
:1089F00043FE404606211122012303F03DFE40467E
:108A000007211122012303F037FE404608211122DD
:108A1000012303F031FE404609211122012303F016
:108A20002BFE40460A211122012303F025FE404679
:108A30000B211122012303F01FFE40460C211122BD
:108A4000012303F019FE40460D211122012303F0FA
:108A500013FE40460E211122012303F00DFE404675
:108A60000F211122012303F007FE4046102111229D
:108A7000012303F001FE404611211122012303F0DE
:108A8000FBFD404612211122012303F0F5FD404673
:108A900013211122012303F0EFFD4046142111227E
:108AA000012303F0E9FD404615211122012303F0C3
:108AB000E3FD404616211122012303F0DDFD40466F
:108AC00017211122012303F0D7FD4046182111225E
:108AD000012303F0D1FD404619211122012303F0A7
:108AE000CBFD40461A211122012303F0C5FD40466B
:108AF0001B211122012303F0BFFD40460421122255
:108B0000012303F0B9FD404605211222012303F0A1
:108B1000B3FD404606211222012303F0ADFD40467D
:108B200007211222012303F0A7FD4046082112224B
:108B3000012303F0A1FD404609211222012303F085
:108B40009BFD40460A211222012303F095FD404679
:108B50000B211222012303F08FFD40460C2112222B
:108B6000012303F089FD40460D211222012303F069
:108B700083FD40460E211222012303F07DFD404675
:108B80000F211222012303F077FD4046102112220B
:108B9000012303F071FD404611211222012303F04D
:108BA0006BFD404612211222012303F065FD404671
:108BB00013211222012303F05FFD404614211222EB
:108BC000012303F059FD404615211222012303F031
:108BD00053FD404616211222012303F04DFD40466D
:108BE00017211222012303F047FD404618211222CB
:108BF000012303F041FD404619211222012303F015
:108C00003BFD40461A211222012303F035FD404668
:108C10001B211222012303F02FFD404604210522CF
:108C2000012303F029FD404605210522012303F01D
:108C300023FD404604210622012303F01DFD40468A
:108C400005210622012303F017FD404604210722D7
:108C5000012303F011FD404605210722012303F003
:108C60000BFD404604210822012303F005FD404688
:108C700005210822012303F0FFFC404604210922BC
:108C8000012303F0F9FC404605210922012303F0EA
:108C9000F3FC404604210A22012303F0EDFC404688
:108CA00005210A22012303F0E7FC404604210B22A0
:108CB000012303F0E1FC404605210B22012303F0D0
:108CC000DBFC404604210C22012303F0D5FC404686
:108CD00005210C22012303F0CFFC404604210D2284
:108CE000012303F0C9FC404605210D22012303F0B6
:108CF000C3FC404604210E22012303F0BDFC404684
:108D000005210E22012303F0B7FC404604210F2267
:108D1000012303F0B1FC404605210F22012303F09B
:108D2000ABFC404604211022012303F0A5FC404681
:108D300005211022012303F09FFC4046042111224B
:108D4000012303F099FC404605211122012303F081
:108D500093FC404604211222012303F08DFC40467F
:108D600005211222012303F087FC40461A21052227
:108D7000012303F081FC40461B210522012303F05F
:108D80007BFC40461A210622012303F075FC404675
:108D90001B210622012303F06FFC40461A21072203
:108DA000012303F069FC40461B210722012303F045
:108DB00063FC40461A210822012303F05DFC404673
:108DC0001B210822012303F057FC40461A210922E7
:108DD000012303F051FC40461B210922012303F02B
:108DE0004BFC40461A210A22012303F045FC404671
:108DF0001B210A22012303F03FFC40461A210B22CB
:108E0000012303F039FC40461B210B22012303F010
:108E100033FC40461A210C22012303F02DFC40466E
:108E20001B210C22012303F027FC40461A210D22AE
:108E3000012303F021FC40461B210D22012303F0F6
:108E40001BFC40461A210E22012303F015FC40466C
:108E50001B210E22012303F00FFC40461A210F2292
:108E6000012303F009FC40461B210F22012303F0DC
:108E700003FC40461A211022012303F0FDFB40466B
:108E80001B211022012303F0F7FB40461A21112277
:108E9000012303F0F1FB40461B211122012303F0C3
:108EA000EBFB40461A211222012303F0E5FB40466A
:108EB0001B211222012303F0DFFB40461C21092263
:108EC000012303F0D9FB40461D210922012303F0B1
:108ED000D3FB40461E210922012303F0CDFB40466F
:108EE0001C210A22012303F0C7FB40461D210A2250
:108EF000012303F0C1FB40461E210A22012303F097
:108F0000BBFB40461C210B22012303F0B5FB40466E
:108F10001D210B22012303F0AFFB40461E210B2233
:108F2000012303F0A9FB40461C210C22012303F07E
:108F3000A3FB40461D210C22012303F09DFB40466C
:108F40001E210C22012303F097FB40461C210D2219
:108F5000012303F091FB40461D210D22012303F064
:108F60008BFB40461E210D22012303F085FB40466A
:108F70001C210E22012303F07FFB40461D210E22FF
:108F8000012303F079FB40461E210E22012303F04A
:108F900073FBDDF8F0A0BAF1000F00F0A4804FF0F1
:108FA000000B00BF05EB8B0086B24046314608221D
:108FB000012303F061FB04EB8B0087B24046394686
:108FC0000822012303F058FB09EB8B0085B24046D1
:108FD00029460822012303F04FFB4046314609226F
:108FE000012303F049FB404639460922012303F0DF
:108FF00043FB404629460922012303F03DFB40463E
:1090000031460A22012303F037FB404639460A2243
:10901000012303F031FB404629460A22012303F0D5
:109020002BFB404631460B22012303F025FB404633
:1090300039460B22012303F01FFB404629460B2231
:10904000012303F019FB404631460C22012303F0B3
:1090500013FB404639460C22012303F00DFB40462A
:1090600029460C22012303F007FB404631460D221E
:10907000012303F001FB404639460D22012303F092
:10908000FBFA404629460D22012303F0F5FA40463B
:1090900031460E22012303F0EFFA404639460E22F4
:1090A000012303F0E9FA404629460E22012303F08A
:1090B000E3FA404631460F22012303F0DDFA404631
:1090C00039460F22012303F0D7FA404629460F22E2
:1090D0000123072503F0D0FA0BF1010B1FFA8BF0E7
:1090E0005045FFF45FAF3898109E002800F061866D
:1090F0003998002800F08D804FF0000A05E000BF8D
:109100000AF1010ABAF10E0F4CD0CAF10D0000FBB2
:1091100000F700EB40000AF10401440000200B2599
:109120001FFA81F90EE000BF263081B240464A4660
:10913000012303F0A1FA00BF06F10C001628A5F1E7
:109140000105DDD0B0F10B06314638BF294601EBF1
:1091500081018C42F0DB06FB06717929ECD8642989
:10916000E2D24029E8D83029DED81A3911F10B0FA4
:10917000E2D9D9E7253032643A2530326400000064
:10918000543A257325642E2564430000483A25642B
:109190002E25642525000000257325642E256443B3
:1091A0000000000040462F211222012303F064FA40
:1091B000404630211222012303F05EFA404631215D
:1091C0001222012303F058FA4046322112220123D1
:1091D00003F052FA404633211222012303F04CFAE5
:1091E000404630211322012303F046FA4046312144
:1091F0001322012303F040FA4046322113220123B7
:1092000003F03AFA404631211422012303F034FAE4
:10921000109E40464E210122012303F02DFA4046C4
:109220004F210122012303F027FA40464E2102225A
:10923000012303F021FA40464F210222012303F0CB
:109240001BFA40464E210322012303F015FA404643
:109250004F210322012303F00FFA40464E2104223E
:10926000012303F009FA40464F210422012303F0B1
:1092700003FA40464E210522012303F0FDF9404642
:109280004F210522012303F0F7F940464E21062223
:10929000012303F0F1F940464F210622012303F098
:1092A000EBF940464B210122012303F0E5F940464A
:1092B0004C210122012303F0DFF940464D21012218
:1092C000012303F0D9F940464E210122012303F086
:1092D000D3F940464F210122012303F0CDF9404646
:1092E00050210122012303F0C7F9404651210122F8
:1092F000012303F0C1F9404652210122012303F06A
:10930000BBF940464B210222012303F0B5F9404648
:109310004C210222012303F0AFF940464D210222E5
:10932000012303F0A9F940464E210222012303F054
:10933000A3F940464F210222012303F09DF9404644
:1093400050210222012303F097F9404651210222C5
:10935000012303F091F9404652210222012303F038
:109360008BF9404644210722012303F085F940464A
:1093700045210722012303F07FF9404646210722B9
:10938000012303F079F9404647210722012303F026
:1093900073F9404648210722012303F06DF9404646
:1093A00049210722012303F067F940464A21072299
:1093B000012303F061F940464B210722012303F00A
:1093C0005BF940464C210722012303F055F9404642
:1093D0004D210722012303F04FF940464E21072279
:1093E000012303F049F940464F210722012303F0EE
:1093F00043F9404650210722012303F03DF940463E
:1094000051210722012303F037F940465221072258
:10941000012303F031F9404653210722012303F0D1
:109420002BF9404654210722012303F025F9404639
:1094300055210722012303F01FF940465621072238
:10944000012303F019F9404657210722012303F0B5
:1094500013F9404658210722012303F00DF9404635
:1094600059210722012303F007F94046442108222D
:10947000012303F001F9404645210822012303F0AE
:10948000FBF8404646210822012303F0F5F8404648
:1094900047210822012303F0EFF840464821082223
:1094A000012303F0E9F8404649210822012303F093
:1094B000E3F840464A210822012303F0DDF8404644
:1094C0004B210822012303F0D7F840464C21082203
:1094D000012303F0D1F840464D210822012303F077
:1094E000CBF840464E210822012303F0C5F8404640
:1094F0004F210822012303F0BFF8404650210822E3
:10950000012303F0B9F8404651210822012303F05A
:10951000B3F8404652210822012303F0ADF840463B
:1095200053210822012303F0A7F8404654210822C2
:10953000012303F0A1F8404655210822012303F03E
:109540009BF8404656210822012303F095F8404637
:1095500057210822012303F08FF8404658210822A2
:10956000012303F089F8404659210822012303F022
:1095700083F8404644211522012303F07DF840463C
:1095800045211522012303F077F840464621152294
:10959000012303F071F8404647211522012303F00F
:1095A0006BF8404648211522012303F065F8404638
:1095B00049211522012303F05FF840464A21152274
:1095C000012303F059F840464B211522012303F0F3
:1095D00053F840464C211522012303F04DF8404634
:1095E0004D211522012303F047F840464E21152254
:1095F000012303F041F840464F211522012303F0D7
:109600003BF8404650211522012303F035F840462F
:1096100051211522012303F02FF840465221152233
:10962000012303F029F8404653211522012303F0BA
:1096300023F8404654211522012303F01DF840462B
:1096400055211522012303F017F840465621152213
:10965000012303F011F8404657211522012303F09E
:109660000BF8404658211522012303F005F8404627
:1096700059211522012302F0FFFF40464421162202
:10968000012302F0F9FF404645211622012302F092
:10969000F3FF404646211622012302F0EDFF40462B
:1096A00047211622012302F0E7FF404648211622F7
:1096B000012302F0E1FF404649211622012302F076
:1096C000DBFF40464A211622012302F0D5FF404627
:1096D0004B211622012302F0CFFF40464C211622D7
:1096E000012302F0C9FF40464D211622012302F05A
:1096F000C3FF40464E211622012302F0BDFF404623
:109700004F211622012302F0B7FF404650211622B6
:10971000012302F0B1FF404651211622012302F03D
:10972000ABFF404652211622012302F0A5FF40461E
:1097300053211622012302F09FFF40465421162296
:10974000012302F099FF404655211622012302F021
:1097500093FF404656211622012302F08DFF40461A
:1097600057211622012302F087FF40465821162276
:10977000012302F081FF404659211622012302F005
:109780007BFF404644210722012302F075FF40463B
:1097900045210722012302F06FFF404644210822A1
:1097A000012302F069FF404645210822012302F00F
:1097B00063FF404644210922012302F05DFF404639
:1097C00045210922012302F057FF404644210A2285
:1097D000012302F051FF404645210A22012302F0F5
:1097E0004BFF404644210B22012302F045FF404637
:1097F00045210B22012302F03FFF404644210C2269
:10980000012302F039FF404645210C22012302F0DA
:1098100033FF404644210D22012302F02DFF404634
:1098200045210D22012302F027FF404644210E224C
:10983000012302F021FF404645210E22012302F0C0
:109840001BFF404644210F22012302F015FF404632
:1098500045210F22012302F00FFF40464421102230
:10986000012302F009FF404645211022012302F0A6
:1098700003FF404644211122012302F0FDFE404631
:1098800045211122012302F0F7FE40464421122215
:10989000012302F0F1FE404645211222012302F08D
:1098A000EBFE404644211322012302F0E5FE404630
:1098B00045211322012302F0DFFE404644211422F9
:1098C000012302F0D9FE404645211422012302F073
:1098D000D3FE404644211522012302F0CDFE40462E
:1098E00045211522012302F0C7FE404644211622DD
:1098F000012302F0C1FE404645211622012302F059
:10990000BBFE404658210722012302F0B5FE404627
:1099100059210722012302F0AFFE404658210822B8
:10992000012302F0A9FE404659210822012302F03A
:10993000A3FE404658210922012302F09DFE404625
:1099400059210922012302F097FE404658210A229C
:10995000012302F091FE404659210A22012302F020
:109960008BFE404658210B22012302F085FE404623
:1099700059210B22012302F07FFE404658210C2280
:10998000012302F079FE404659210C22012302F006
:1099900073FE404658210D22012302F06DFE404621
:1099A00059210D22012302F067FE404658210E2264
:1099B000012302F061FE404659210E22012302F0EC
:1099C0005BFE404658210F22012302F055FE40461F
:1099D00059210F22012302F04FFE40465821102248
:1099E000012302F049FE404659211022012302F0D2
:1099F00043FE404658211122012302F03DFE40461D
:109A000059211122012302F037FE4046582112222B
:109A1000012302F031FE404659211222012302F0B7
:109A20002BFE404658211322012302F025FE40461A
:109A300059211322012302F01FFE4046582114220F
:109A4000012302F019FE404659211422012302F09D
:109A500013FE404658211522012302F00DFE404618
:109A600059211522012302F007FE404658211622F3
:109A7000012302F001FE404659211622012302F083
:109A8000FBFD40464C210C22012302F0F5FD40462F
:109A90004D210C22012302F0EFFD40464E210C2205
:109AA000012302F0E9FD40464F210C22012302F080
:109AB000E3FD404650210C22012302F0DDFD40462B
:109AC00051210C22012302F0D7FD40464C210D22EA
:109AD000012302F0D1FD40464D210D22012302F069
:109AE000CBFD40464E210D22012302F0C5FD40462C
:109AF0004F210D22012302F0BFFD404650210D22CF
:109B0000012302F0B9FD404651210D22012302F04C
:109B1000B3FD40464C210E22012302F0ADFD40462C
:109B20004D210E22012302F0A7FD40464E210E22B8
:109B3000012302F0A1FD40464F210E22012302F035
:109B40009BFD404650210E22012302F095FD404628
:109B500051210E22012302F08FFD40464C210F229D
:109B6000012302F089FD40464D210F22012302F01E
:109B700083FD40464E210F22012302F07DFD404629
:109B80004F210F22012302F077FD404650210F2282
:109B9000012302F071FD404651210F22012302F002
:109BA0006BFD40464C211022012302F065FD40462A
:109BB0004D211022012302F05FFD40464E2110226C
:109BC000012302F059FD40464F211022012302F0EB
:109BD00053FD404650211022012302F04DFD404626
:109BE00051211022012302F047FD40464C21112251
:109BF000012302F041FD40464D211122012302F0D4
:109C00003BFD40464E211122012302F035FD404626
:109C10004F211122012302F02FFD40465021112235
:109C2000012302F029FD404651211122012302F0B7
:109C300023FD404642210922012302F01DFD40463A
:109C400043210922012302F017FD404642210A2246
:109C5000012302F011FD404643210A22012302F0B4
:109C60000BFD40465A210922012302F005FD404622
:109C70005B210922012302F0FFFC40465A210A22FF
:109C8000012302F0F9FC40465B210A22012302F085
:109C9000F3FC404642210D22012302F0EDFC404638
:109CA00043210D22012302F0E7FC404642210E220F
:109CB000012302F0E1FC404643210E22012302F081
:109CC000DBFC40465A210D22012302F0D5FC404620
:109CD0005B210D22012302F0CFFC40465A210E22C7
:109CE000012302F0C9FC40465B210E22012302F051
:109CF000C3FC404642211122012302F0BDFC404634
:109D000043211122012302F0B7FC404642211222D6
:109D1000012302F0B1FC404643211222012302F04C
:109D2000ABFC40465A211122012302F0A5FC40461B
:109D30005B211122012302F09FFC40465A2112228E
:109D4000012302F099FC40465B211222012302F01C
:109D500093FC404642211522012302F08DFC40462F
:109D600043211522012302F087FC4046422116229E
:109D7000012302F081FC404643211622012302F018
:109D80007BFC40465A211522012302F075FC404617
:109D90005B211522012302F06FFC40465A21162256
:109DA000012302F069FC40465B211622012302F0E8
:109DB00063FCDDE90E10022400EA0109012524AB51
:109DC00040464FF4A8710522CDE9005402F080FC12
:109DD00040F20000C2F20000431C4046CE210522A2
:109DE0000F93CDE9005402F073FC0024A5B2404665
:109DF00029461A22012302F03FFCB5F5C77F04F182
:109E00000104F3D9002E00F0B684002606F12000EC
:109E100085B2404620212A460123B4B202F02CFC30
:109E2000404621212A46012302F026FC40462221F9
:109E30002A46012302F020FC404623212A46012322
:109E400002F01AFC404624212A46012302F014FCA9
:109E5000404625212A46012302F00EFC40462621D9
:109E60002A46012302F008FC404627212A46012306
:109E700002F002FC072C06F10106C7D3002600BF42
:109E800006F1280085B240461C212A460123B7B2BC
:109E900002F0F2FB40461D212A46012302F0ECFBB2
:109EA00040461E212A46012302F0E6FB40461F21C0
:109EB0002A46012302F0E0FB404620212A460123E6
:109EC00002F0DAFB404621212A46012302F0D4FBAE
:109ED000404622212A46012302F0CEFB40462321A0
:109EE0002A46012302F0C8FB404624212A460123CA
:109EF00002F0C2FB404625212A46012302F0BCFBAA
:109F0000404626212A46012302F0B6FB404627217F
:109F10002A46012302F0B0FB404628212A460123AD
:109F200002F0AAFB404629212A46012302F0A4FBA5
:109F300040462A212A46012302F09EFB40462B215F
:109F40002A46012302F098FB072F06F1010697D35A
:109F5000002600BF06F1300085B2404618212A468F
:109F60000123B7B202F088FB404619212A4601239B
:109F700002F082FB40461A212A46012302F07CFBB4
:109F800040461B212A46012302F076FB40461C2155
:109F90002A46012302F070FB40461D212A46012378
:109FA00002F06AFB40461E212A46012302F064FBB0
:109FB00040461F212A46012302F05EFB4046202135
:109FC0002A46012302F058FB404621212A4601235C
:109FD00002F052FB404622212A46012302F04CFBAC
:109FE000404623212A46012302F046FB4046242115
:109FF0002A46012302F040FB404625212A46012340
:10A0000002F03AFB404626212A46012302F034FBA7
:10A01000404627212A46012302F02EFB40462821F4
:10A020002A46012302F028FB404629212A46012323
:10A0300002F022FB40462A212A46012302F01CFBA3
:10A0400040462B212A46012302F016FB40462C21D4
:10A050002A46012302F010FB40462D212A46012307
:10A0600002F00AFB40462E212A46012302F004FB9F
:10A0700040462F212A46012302F0FEFA072F06F15F
:10A080000106FFF467AF002606F1380085B24046AE
:10A0900014212A460123B7B202F0EEFA40461521F8
:10A0A0002A46012302F0E8FA404616212A460123F7
:10A0B00002F0E2FA404617212A46012302F0DCFAB8
:10A0C000404618212A46012302F0D6FA40461921BB
:10A0D0002A46012302F0D0FA40461A212A460123DB
:10A0E00002F0CAFA40461B212A46012302F0C4FAB4
:10A0F00040461C212A46012302F0BEFA40461D219B
:10A100002A46012302F0B8FA40461E212A460123BE
:10A1100002F0B2FA40461F212A46012302F0ACFAAF
:10A12000404620212A46012302F0A6FA404621217A
:10A130002A46012302F0A0FA404622212A460123A2
:10A1400002F09AFA404623212A46012302F094FAAB
:10A15000404624212A46012302F08EFA404625215A
:10A160002A46012302F088FA404626212A46012386
:10A1700002F082FA404627212A46012302F07CFAA7
:10A18000404628212A46012302F076FA404629213A
:10A190002A46012302F070FA40462A212A4601236A
:10A1A00002F06AFA40462B212A46012302F064FAA3
:10A1B00040462C212A46012302F05EFA40462D211A
:10A1C0002A46012302F058FA40462E212A4601234E
:10A1D00002F052FA40462F212A46012302F04CFA9F
:10A1E000404630212A46012302F046FA40463121FA
:10A1F0002A46012302F040FA404632212A46012332
:10A2000002F03AFA404633212A46012302F034FA9A
:10A21000072F06F10106FFF437AF002707F14000D2
:10A2200085B2404610212A460123BEB202F024FA2C
:10A23000404611212A46012302F01EFA404612210F
:10A240002A46012302F018FA404613212A46012328
:10A2500002F012FA404614212A46012302F00CFAB9
:10A26000404615212A46012302F006FA40461621EF
:10A270002A46012302F000FA404617212A4601230C
:10A2800002F0FAF9404618212A46012302F0F4F9B7
:10A29000404619212A46012302F0EEF940461A21D0
:10A2A0002A46012302F0E8F940461B212A460123F1
:10A2B00002F0E2F940461C212A46012302F0DCF9B3
:10A2C00040461D212A46012302F0D6F940461E21B0
:10A2D0002A46012302F0D0F940461F212A460123D5
:10A2E00002F0CAF9404620212A46012302F0C4F9AF
:10A2F000404621212A46012302F0BEF94046222190
:10A300002A46012302F0B8F9404623212A460123B8
:10A3100002F0B2F9404624212A46012302F0ACF9AA
:10A32000404625212A46012302F0A6F9404626216F
:10A330002A46012302F0A0F9404627212A4601239C
:10A3400002F09AF9404628212A46012302F094F9A6
:10A35000404629212A46012302F08EF940462A214F
:10A360002A46012302F088F940462B212A46012380
:10A3700002F082F940462C212A46012302F07CF9A2
:10A3800040462D212A46012302F076F940462E212F
:10A390002A46012302F070F940462F212A46012364
:10A3A00002F06AF9404630212A46012302F064F99E
:10A3B000404631212A46012302F05EF9404632210F
:10A3C0002A46012302F058F9404633212A46012348
:10A3D00002F052F9404634212A46012302F04CF99A
:10A3E000404635212A46012302F046F940463621EF
:10A3F0002A46012302F040F9404637212A4601232C
:10A4000002F03AF9172E07F10107FFF407AF002613
:10A4100006F1580085B2404614212A460123B7B2FE
:10A4200002F02AF9404615212A46012302F024F9B8
:10A43000404616212A46012302F01EF94046172104
:10A440002A46012302F018F9404618212A46012322
:10A4500002F012F9404619212A46012302F00CF9B4
:10A4600040461A212A46012302F006F940461B21E4
:10A470002A46012302F000F940461C212A46012306
:10A4800002F0FAF840461D212A46012302F0F4F8B2
:10A4900040461E212A46012302F0EEF840461F21C5
:10A4A0002A46012302F0E8F8404620212A460123EB
:10A4B00002F0E2F8404621212A46012302F0DCF8AE
:10A4C000404622212A46012302F0D6F840462321A5
:10A4D0002A46012302F0D0F8404624212A460123CF
:10A4E00002F0CAF8404625212A46012302F0C4F8AA
:10A4F000404626212A46012302F0BEF84046272185
:10A500002A46012302F0B8F8404628212A460123B2
:10A5100002F0B2F8404629212A46012302F0ACF8A5
:10A5200040462A212A46012302F0A6F840462B2164
:10A530002A46012302F0A0F840462C212A46012396
:10A5400002F09AF840462D212A46012302F094F8A1
:10A5500040462E212A46012302F08EF840462F2144
:10A560002A46012302F088F8404630212A4601237A
:10A5700002F082F8404631212A46012302F07CF89D
:10A58000404632212A46012302F076F84046332124
:10A590002A46012302F070F8072F06F10106FFF4A6
:10A5A00037AF0627012618AB404650212B22CDE9B4
:10A5B000006702F08DF8B9F1000F00F0DC8018A8F8
:10A5C000F6F705F900EBC00061275E215F226023EA
:10A5D00007EB8006622701EB800102EB800203EBB0
:10A5E000800307EB800000241FFA81FA97B29DB226
:10A5F0001FFA86FB80B2109004F12D0086B240460F
:10A600005146324601231FFA84F902F035F84046DC
:10A6100039463246012302F02FF840462946324699
:10A62000012302F029F8404659463246012302F040
:10A6300023F8109940463246012302F01DF8B9F183
:10A640001B0F04F10104D7D3404651464F2201238A
:10A6500002F012F8404639464F22012302F00CF86E
:10A66000404629464F22012302F006F8404659464B
:10A670004F22012302F000F8109C404621464F2251
:10A68000012301F0F9FF404651465022012301F019
:10A69000F3FF404639465022012301F0EDFF4046CA
:10A6A00029465022012301F0E7FF40465946502237
:10A6B000012301F0E1FF404621465022012301F031
:10A6C000DBFF404651465122012301F0D5FF4046B1
:10A6D00039465122012301F0CFFF4046294651223D
:10A6E000012301F0C9FF404659465122012301F0E0
:10A6F000C3FF404621465122012301F0BDFF4046E1
:10A7000051465222012301F0B7FF404639465222FA
:10A71000012301F0B1FF404629465222012301F0F6
:10A72000ABFF404659465222012301F0A5FF4046A7
:10A7300021465222012301F09FFF404651465322F9
:10A74000012301F099FF404639465322012301F0CD
:10A7500093FF404629465322012301F08DFF4046D6
:10A7600059465322012301F087FF404621465322D8
:10A77000012301F081FF042701261CAB404608217C
:10A780006C22CDE9006701F0A3FF0024A5B240468A
:10A7900029469222012301F06FFFB5F5C77F04F12E
:10A7A0000104F3D900270DF15D050FF2D0790DF109
:10A7B00052064FF0030B01244FF0000A07E000BFE0
:10A7C0000AF1010ABAF1030F07F1850728D015F93C
:10A7D0000A100029F4D407F1260080B2FBF7EAFC46
:10A7E0000DF15A0010F90A30304608214A46F5F7B3
:10A7F000DBFD3046F5F7EBFF00EBC000400080B218
:10A80000C0F1850000EBD07007EB500081B24046EC
:10A81000D8223346CDE9004B01F05AFFD0E700BF04
:10A82000002400BFA5B240462946FA22012301F0C8
:10A8300023FFB5F5C77F04F10104F3D903270126EF
:10A8400020AB4046082140F20712CDE9006701F035
:10A850003FFF00201390CDE911000F9811AF0FF2C8
:10A86000207113AA12AB0097F5F7EAFE032840F017
:10A870007C83DDE911214AF6AB27C1F10E03C2F654
:10A88000AA2753FB07F313985F1007EBD373C01A83
:10A8900003EB430301EB8301992347F6E12700F51E
:10A8A0009650594346F26763CAF61467A1F2C9117C
:10A8B000C6F2666350FB07F751FB03F17E114B10A4
:10A8C00006EBD77748F21F5603EBD171C317C5F2D9
:10A8D000EB1640F26D1500EB937350FB06F600FB90
:10A8E0000520F21100EBA30002EBD67238441044AD
:10A8F000084447F62D51401A4DF6CB11C0F2240101
:10A900008842C0F2328342F23561CFF6DB710844EF
:10A910004DF6D841C0F6000101F10805022100BF43
:10A9200055F8082C1E26C2F3C033C2F380373B44CF
:10A93000C2F340373B44C2F300373B44C2F3C02765
:10A940003B44C2F380273B44C2F340273B44C2F35D
:10A9500000273B44C2F3C0173B44C2F380173B447B
:10A96000C2F340173B44C2F30017DC1902F00F0793
:10A97000D3033B4658BF1D26002F18BF33461C4447
:10A9800004F5AE74A04273DB55F8042C001BC2F32F
:10A99000C033C2F380373B44C2F340373B44C2F379
:10A9A00000373B44C2F3C0273B44C2F380273B44FB
:10A9B000C2F340273B44C2F300273B44C2F3C01715
:10A9C0003B44C2F380173B44C2F340173B44C2F3FD
:10A9D0000017DC1902F00F07D3034FF01E063B46A9
:10A9E00058BF1D26002F18BF33461C4404F5AE7413
:10A9F000A0423FDB2A68001BC2F3C033C2F380379A
:10AA00003B44C2F340373B44C2F300373B44C2F3FC
:10AA1000C0273B44C2F380273B44C2F340273B445A
:10AA2000C2F300273B44C2F3C0173B44C2F3801774
:10AA30003B44C2F340173B44C2F30017DC1902F059
:10AA40000F07D3034FF01E063B4658BF1D26002FAD
:10AA500018BF33461C4404F5AE74A0420BDB03312F
:10AA6000001B982905F10C057FF45AAF7DE200BF69
:10AA7000023900E0013915044FF01E0458BF1D24AF
:10AA8000A0424FF01E0505DA4DF67873C0F60003BC
:10AA9000012735E1001B540458BF1D25A84205DAE3
:10AAA0004DF67873C0F60003022729E1022FA0EBD0
:10AAB000050007D1B04219DA4DF67573C0F60003F0
:10AAC00002271DE195044FF01E0558BF1D25A84221
:10AAD00015DB032FA0EB05001BD1B04218DA4DF6B1
:10AAE0007573C0F6000303270AE100BF9504A0EBCD
:10AAF00006004FF01E0558BF1D25A84206DA4DF688
:10AB00007873C0F600030327FAE000BF401B00E0A3
:10AB1000801BD5044FF01E0558BF1D25A84205DA3D
:10AB20004DF67873C0F600030427E9E0042FA0EB8C
:10AB3000050007D1B04219DA4DF67573C0F600036F
:10AB40000427DDE015054FF01E0558BF1D25A8425E
:10AB500015DB052FA0EB05001BD1B04218DA4DF62E
:10AB60007573C0F600030527CAE000BF1505A0EB0A
:10AB700006004FF01E0558BF1D25A84206DA4DF607
:10AB80007873C0F600030527BAE000BF401B00E061
:10AB9000801B55054FF01E0558BF1D25A84205DA3C
:10ABA0004DF67873C0F600030627A9E0062FA0EB48
:10ABB000050007D1B04219DA4DF67573C0F60003EF
:10ABC00006279DE095054FF01E0558BF1D25A8429C
:10ABD00015DB072FA0EB05001BD1B04218DA4DF6AC
:10ABE0007573C0F6000307278AE000BF9505A0EB48
:10ABF00006004FF01E0558BF1D25A84206DA4DF687
:10AC00007873C0F6000307277AE000BF401B00E01E
:10AC1000801BD5054FF01E0558BF1D25A84205DA3B
:10AC20004DF67873C0F60003082769E0082FA0EB03
:10AC3000050008D1B04205DA4DF67573C0F6000381
:10AC400008275DE0801B16064FF01E0658BF1D2624
:10AC5000B04205DA4DF67873C0F6000309274FE0DD
:10AC60007229A0EB06000DD1984233DB5606A0EB0B
:10AC700003004FF01E0658BF1D26B04209DB801BA3
:10AC800015E000BF56064FF01E0658BF1D26B04205
:10AC900006DA4DF67873C0F600030A2730E000BFED
:10ACA0005429A0EB060002D1984213DBC01A960685
:10ACB0004FF01E0658BF1D26B04205DA4DF67873D8
:10ACC000C0F600030B271BE08529A0EB060008D186
:10ACD000984205DA4DF67573C0F6000310E000BF28
:10ACE000C01AD1064DF678734FF01E014FF00D07D4
:10ACF000C0F6000358BF1D218842B4BF0C27401A7C
:10AD00000DF15205461CA1A228460821CDE9007686
:10AD1000F5F74AFB2846F5F75AFDA0EB80008100C5
:10AD200003914FF4BD714FF4BE7301EB800C03EB44
:10AD3000800140F27F160F9106EB80014FF4C17441
:10AD400040F27B12099104EB800140F2831402EB84
:10AD5000800E40F27D1304EB80024FF4C27403EBCB
:10AD600080094FF4BF774FF4C07640F2811504EBB1
:10AD7000800340F2851407EB800706EB800605EBA5
:10AD8000800504EB80000A901FFA8CF00C901FFAEB
:10AD90008EF00E901FFA89F00D90B8B20B90B0B201
:10ADA0000590A8B2049088B2069090B26FF00604A5
:10ADB000079098B208900AE081B21FFA8AF24046E2
:10ADC000012301F059FC00BF072C00F0BF8004FBF9
:10ADD00004F604F5897A0134182E04FB04F707D829
:10ADE0000C991FFA8AF24046012301F045FC01E06C
:10ADF000222E47D21FFA8AF50E9940462A46012391
:10AE00004FF0010901F038FC0F982A4681B2404604
:10AE1000012301F031FC002C4FF00100D4D00D993A
:10AE200010901FFA8AF240460123012501F024FC0C
:10AE30000B2F49D91FFA8AFB0B9940465A4601232A
:10AE400001F01AFC152F3FD309985A4681B24046AB
:10AE5000012301F011FC1B2F37D9059940465A46B2
:10AE6000012301F009FC0020202F88BF0120284089
:10AE700001282AD1049940465A46012301F0FCFBDF
:10AE800023E000BF292E0BD20F981FFA8AF281B25D
:10AE9000404601234FF0010901F0EEFB3CB993E776
:10AEA0002E2E07D2002C3FF48FAF4FF00009002068
:10AEB000B5E700BF302E41D84FF000090020002533
:10AEC00010900B2FB6D800BF1DBBB9F1000F11D0E9
:10AED000242F1ED306991FFA8AF24046012301F05F
:10AEE000CBFBB7F1240018BF01201099014209D112
:10AEF0000FE000BF0020242F88BF012010990840D8
:10AF0000012806D107991FFA8AF24046012301F071
:10AF1000B3FB182E3FF658AF242F06D308991FFA1B
:10AF20008AF24046012301F0A7FB0D2E3FF64CAFFD
:10AF30000A98212FBFF440AF46E700BF312E7FF4BF
:10AF400043AF0998142F3FF637AF3DE70398022728
:10AF500000F5C670012681B20DF15203404640F261
:10AF60000B12CDE9006701F0B3FB404602F0B4FCE0
:10AF700028B0BDEC068B01B000F00CB8256443008E
:10AF800025642D25642D25640000000025732564AB
:10AF90002D25640030BCBDE8C08F00000160510069
:10AFA00001717047F0B583B005460C462422006855
:10AFB0002979ADF80A204FF0FF360DF10A0202237D
:10AFC0000096F7F721F808B103B0F0BD0F20F6F7AF
:10AFD00085FD2868297901AA06230096F6F716FF51
:10AFE0000028F1D19DF904003121C24381EA4203D6
:10AFF000002848BF53005AB25E00002A48BF81EAC9
:10B00000430672B27300002A48BF81EA46035AB26F
:10B010005E00002A48BF81EA430672B27300002A2C
:10B0200048BF81EA46035AB25E00002A48BF81EA5F
:10B03000430672B27300002A48BF81EA46035AB23F
:10B040005E00002A48BF81EA43069DF805C09DF8CE
:10B05000063086EA0C0256B25500002E48BF81EA3F
:10B0600042056AB26E00002A48BF81EA450672B204
:10B070007500002A48BF81EA46056AB26E00002AC0
:10B0800048BF81EA450672B27500002A48BF81EACE
:10B0900046056AB26E00002A48BF81EA450672B2D0
:10B0A0007500002A48BF81EA46056AB26E00002A90
:10B0B00048BF81EA4506F2B29A4240F095809DF978
:10B0C00007E06FEA0E0281EA4206BEF1000F48BFB8
:10B0D000560072B27500002A48BF81EA46056AB27E
:10B0E0006E00002A48BF81EA450672B27500002A48
:10B0F00048BF81EA46056AB26E00002A48BF81EA6D
:10B10000450672B27500002A48BF81EA46056AB258
:10B110006E00002A48BF81EA450672B27300002A19
:10B1200048BF81EA46039DF808509DF809206B400E
:10B130005EB25F00002E48BF81EA43077BB27E000B
:10B14000002B48BF81EA470673B27700002B48BF47
:10B1500081EA46077BB27E00002B48BF81EA4706A2
:10B1600073B27700002B48BF81EA46077BB27E00AE
:10B17000002B48BF81EA470673B27700002B48BF17
:10B1800081EA46077BB27E00002B48BF81EA470672
:10B19000F1B2914228D1C0B24CEA002047F6FF71CB
:10B1A00040F2D66200FB021041F20102C1F200023D
:10B1B000A0FB02025FFA8EF045EA00204FF47A739A
:10B1C00000FB031040F60101C0F60001A0FB0101E5
:10B1D000C80A4FF63E61CFF6FF7101EB1231608075
:10B1E0000020218003B0F0BD012003B0F0BD0000BD
:10B1F0002DE9F04F8DB0DDF85C80A3F120003428FC
:10B200000592049120D80FF6F8520192DFE800F081
:10B210001C1C1C1C1C3E1C1C1C1C1C1C1C3A2A1C20
:10B2200061324246565226362E224A1C1C1C1C1CD9
:10B230001C1C1C4E1C1C1C1C5E1C1C1C1C1C1C1CDA
:10B240001C1C1C1C5A0000BF4DF67070C0F600009C
:10B250003EE000BF0FF684603AE000BF0FF6846066
:10B2600036E000BF0FF6846032E000BF0FF6846066
:10B270002EE000BF0FF684602AE000BF0FF6846066
:10B2800026E000BF0FF6846022E000BF0FF6846066
:10B290001EE000BF0FF684601AE000BF0FF6846066
:10B2A00016E000BF0FF6846012E000BF0FF6846066
:10B2B0000EE000BF0FF6A8600AE000BF0FF6A8601E
:10B2C00006E000BF0FF6A86002E000BF0FF6A8601E
:10B2D0000190B8F1000F01F0C9811698002808F01C
:10B2E00003000C9040F2A020C2F2000000F0248580
:10B2F000059B08F0FC0E03EB48010B9108EB48019D
:10B30000CA180A9203EB8802099208EB88021A44D1
:10B3100008EB0309089203EB4101002240F22B1BCA
:10B320004FF0010A0791CDF8009004E0029A013233
:10B33000052A01F09B81019902928B5C0499039389
:10B3400002FB0811DA07069140F0C6800399DDF888
:10B3500000908A0700F182810399490700F12C824D
:10B360000399090700F1D8820399C90600F1848383
:10B370000399890600F1308403994906D6D54FF028
:10B38000000C03E00CF1010CC445CFD0069901EB91
:10B390000C039AB211091829F4D851084B224A43D8
:10B3A000B8F1040F03F001074FF0000345D20C99E8
:10B3B0000029E7D007990B449CB2A1084A290DD86F
:10B3C000ABEB04013D4602EB910461F3420585F0CD
:10B3D0000701055D0AFA01F1294301550C9901297C
:10B3E000D0D0591C8CB2A1084A290DD8ABEB04016E
:10B3F0003D4602EB910461F3420585F00701055DCE
:10B400000AFA01F1294301550C990229BAD0991C75
:10B410008BB299084A29B5D8ABEB030102EB910234
:10B4200061F3420787F00701835C0AFA01F11943CF
:10B430008154A7E704339E45B9D00799CC18A6B22A
:10B44000B1084A290DD8ABEB06013E4602EB910547
:10B4500061F3420686F00701465D0AFA01F13143C5
:10B460004155611C8EB2B1084A290DD8ABEB0601DB
:10B470003E4602EB910561F3420686F00701465D08
:10B480000AFA01F131434155A11C8EB2B1084A2993
:10B490000DD8ABEB06013E4602EB910561F3420687
:10B4A00086F00701465D0AFA01F131434155E11C7E
:10B4B0008CB2A1084A29BDD8ABEB04013D4602EB92
:10B4C000910461F3420585F00701055D0AFA01F177
:10B4D00029430155AEE700BF4FF0000C05E000BF67
:10B4E0000CF1010CC4453FF431AF069901EB0C029D
:10B4F00093B219091829F3D859084B2301FB03F615
:10B50000B8F1040F02F001094FF0000748D20C997E
:10B510000029E5D00599CB1999B289084A290FD895
:10B52000ABEB03018AB206EB92024C4661F3420494
:10B5300092B284F00701845C0AFA01F1214381543C
:10B540000C990129CCD05C1CA1B289084A290FD8DA
:10B55000ABEB04018AB206EB92024C4661F3420463
:10B5600092B284F00701845C0AFA01F1214381540C
:10B570000C990229B4D0023399B289084A29AFD86C
:10B58000ABEB03018AB206EB920261F3420992B27D
:10B5900089F00701835C0AFA01F1194381549FE79E
:10B5A000059902E00437BE45B1D0CB199CB2A4087E
:10B5B0004A2C12D8ABEB03041FFA84F806EB98056B
:10B5C0004A4664F34202ACB282F00702055DDDF840
:10B5D0005C800AFA02F22A4302555C1CA2B292086D
:10B5E0004A2A0FD8ABEB040294B206EB94044D4602
:10B5F00062F34205A4B285F00702055D0AFA02F281
:10B600002A4302559C1CA2B292084A2A0FD8ABEBDF
:10B61000040294B206EB94044D4662F34205A4B2D0
:10B6200085F00702055D0AFA02F22A430255033348
:10B630009AB292084A2AB5D8ABEB030293B206EB52
:10B6400093034C4662F342049BB284F00702C45C4D
:10B650000AFA02F22243C254A4E700BF4FF0000CE2
:10B6600005E000BF0CF1010CC4453FF475AE06992E
:10B6700001EB0C039AB21409182CF3D852084B2191
:10B680004A43B8F1040F03F001014FF0000344D224
:10B690000C9C002CE6D04B449CB2A5084A2D0DD83A
:10B6A000ABEB04040E4602EB940564F3420686F00D
:10B6B0000704465D0AFA04F4344344550C9C012CFB
:10B6C000D0D05C1CA4B2A5084A2D0DD8ABEB040465
:10B6D0000E4602EB940564F3420686F00704465DCD
:10B6E0000AFA04F4344344550C9C022CBAD00233B9
:10B6F0009BB29C084A2CB5D8ABEB030302EB930238
:10B7000063F3420181F00701835C0AFA01F11943F6
:10B710008154A7E704339E45BAD009EB0304A6B2CF
:10B72000B5084A2D0DD8ABEB06050F4602EB950682
:10B7300065F3420787F00705875D0AFA05F53D4383
:10B740008555651CAEB2B5084A2D0DD8ABEB060584
:10B750000F4602EB950665F3420787F00705875D04
:10B760000AFA05F53D438555A51CAEB2B5084A2D2C
:10B770000DD8ABEB06050F4602EB950665F34207C5
:10B7800087F00705875D0AFA05F53D4385550334C3
:10B79000A4B2A5084A2DBDD8ABEB04040E4602EBBB
:10B7A000940564F3420686F00704465D0AFA04F441
:10B7B00034434455AEE700BF4FF0000C05E000BF36
:10B7C0000CF1010CC4453FF4CBAD069901EB0C0321
:10B7D0009AB211091829F3D851084B224A43B8F1FB
:10B7E000040F03F001074FF0000346D20C99002923
:10B7F000E6D00B990B449CB2A1084A290DD8ABEBBB
:10B8000004013D4602EB910461F3420585F0070116
:10B81000055D0AFA01F1294301550C990129CFD0A0
:10B82000591C8CB2A1084A290DD8ABEB04013D4646
:10B8300002EB910461F3420585F00701055D0AFA08
:10B8400001F1294301550C990229B9D0991C8BB2F9
:10B8500099084A29B4D8ABEB030102EB910261F3DA
:10B86000420787F00701835C0AFA01F1194381540A
:10B87000A6E700BF04339E45B8D00B99CC18A6B2FA
:10B88000B1084A290DD8ABEB06013E4602EB910503
:10B8900061F3420686F00701465D0AFA01F1314381
:10B8A0004155611C8EB2B1084A290DD8ABEB060197
:10B8B0003E4602EB910561F3420686F00701465DC4
:10B8C0000AFA01F131434155A11C8EB2B1084A294F
:10B8D0000DD8ABEB06013E4602EB910561F3420643
:10B8E00086F00701465D0AFA01F131434155E11C3A
:10B8F0008CB2A1084A29BDD8ABEB04013D4602EB4E
:10B90000910461F3420585F00701055D0AFA01F132
:10B9100029430155AEE700BF4FF0000C05E000BF22
:10B920000CF1010CC4453FF41FAD069901EB0C036B
:10B930009AB211091829F3D851084B224A43B8F199
:10B94000040F03F001074FF0000346D20C990029C1
:10B95000E6D00A990B449CB2A1084A290DD8ABEB5A
:10B9600004013D4602EB910461F3420585F00701B5
:10B97000055D0AFA01F1294301550C990129CFD03F
:10B98000591C8CB2A1084A290DD8ABEB04013D46E5
:10B9900002EB910461F3420585F00701055D0AFAA7
:10B9A00001F1294301550C990229B9D0991C8BB298
:10B9B00099084A29B4D8ABEB030102EB910261F379
:10B9C000420787F00701835C0AFA01F119438154A9
:10B9D000A6E700BF04339E45B8D00A99CC18A6B29A
:10B9E000B1084A290DD8ABEB06013E4602EB9105A2
:10B9F00061F3420686F00701465D0AFA01F1314320
:10BA00004155611C8EB2B1084A290DD8ABEB060135
:10BA10003E4602EB910561F3420686F00701465D62
:10BA20000AFA01F131434155A11C8EB2B1084A29ED
:10BA30000DD8ABEB06013E4602EB910561F34206E1
:10BA400086F00701465D0AFA01F131434155E11CD8
:10BA50008CB2A1084A29BDD8ABEB04013D4602EBEC
:10BA6000910461F3420585F00701055D0AFA01F1D1
:10BA700029430155AEE700BF4FF0000C05E000BFC1
:10BA80000CF1010CC4453FF473AC069901EB0C03B7
:10BA90009AB211091829F3D851084B224A43B8F138
:10BAA000040F03F001074FF0000346D20C99002960
:10BAB000E6D009990B449CB2A1084A290DD8ABEBFA
:10BAC00004013D4602EB910461F3420585F0070154
:10BAD000055D0AFA01F1294301550C990129CFD0DE
:10BAE000591C8CB2A1084A290DD8ABEB04013D4684
:10BAF00002EB910461F3420585F00701055D0AFA46
:10BB000001F1294301550C990229B9D0991C8BB236
:10BB100099084A29B4D8ABEB030102EB910261F317
:10BB2000420787F00701835C0AFA01F11943815447
:10BB3000A6E700BF04339E45B8D00999CC18A6B239
:10BB4000B1084A290DD8ABEB06013E4602EB910540
:10BB500061F3420686F00701465D0AFA01F13143BE
:10BB60004155611C8EB2B1084A290DD8ABEB0601D4
:10BB70003E4602EB910561F3420686F00701465D01
:10BB80000AFA01F131434155A11C8EB2B1084A298C
:10BB90000DD8ABEB06013E4602EB910561F3420680
:10BBA00086F00701465D0AFA01F131434155E11C77
:10BBB0008CB2A1084A29BDD8ABEB04013D4602EB8B
:10BBC000910461F3420585F00701055D0AFA01F170
:10BBD00029430155AEE700BF4FF0000C05E000BF60
:10BBE0000CF1010CC4453FF4C7AB069901EB0C0303
:10BBF0009AB211091829F3D851084B224A43B8F1D7
:10BC0000040F03F001074FF0000346D20C990029FE
:10BC1000E6D008990B449CB2A1084A290DD8ABEB99
:10BC200004013D4602EB910461F3420585F00701F2
:10BC3000055D0AFA01F1294301550C990129CFD07C
:10BC4000591C8CB2A1084A290DD8ABEB04013D4622
:10BC500002EB910461F3420585F00701055D0AFAE4
:10BC600001F1294301550C990229B9D0991C8BB2D5
:10BC700099084A29B4D8ABEB030102EB910261F3B6
:10BC8000420787F00701835C0AFA01F119438154E6
:10BC9000A6E700BF04339E45B8D00899CC18A6B2D9
:10BCA000B1084A290DD8ABEB06013E4602EB9105DF
:10BCB00061F3420686F00701465D0AFA01F131435D
:10BCC0004155611C8EB2B1084A290DD8ABEB060173
:10BCD0003E4602EB910561F3420686F00701465DA0
:10BCE0000AFA01F131434155A11C8EB2B1084A292B
:10BCF0000DD8ABEB06013E4602EB910561F342061F
:10BD000086F00701465D0AFA01F131434155E11C15
:10BD10008CB2A1084A29BDD8ABEB04013D4602EB29
:10BD2000910461F3420585F00701055D0AFA01F10E
:10BD300029430155AEE700BF0199DDF81490097859
:10BD400008F0FC0A0991002740F22B114FF0010B7B
:10BD500007E000BF0A9F179B0137072F994400F0A7
:10BD6000CB80099A0A97FA40D207F3D0059A179B1D
:10BD70000A9F4FF0000807FB03220B9205E000BF6B
:10BD8000179A08F101089045E4D0049A02EB0804E0
:10BD9000A2B21309182BF3D852084B235A43179B0E
:10BDA00004F0010C042B4FF000054CD20C9B002B2F
:10BDB000E6D00B9B5C19A3B29B084A2B0FD80B1B38
:10BDC0009DB2674602EB950563F3420787F00703D0
:10BDD000AFB2C55D0BFA03F325EA0303C3550C9B11
:10BDE000012BCDD0631C9FB2BF084A2F0FD8CB1AAE
:10BDF0009FB202EB9707654663F34205BFB285F039
:10BE00000703C55D0BFA03F325EA0303C3550C9B37
:10BE1000022BB5D0A31C9FB2BF084A2FB0D8CB1AB3
:10BE20009FB202EB970263F3420C92B28CF00703CD
:10BE3000875C0BFA03F327EA03038354A0E700BFF0
:10BE40000435AA45B2D009EB0504A3B29B084A2BDE
:10BE50000FD80B1B9FB202EB9707664663F34206AF
:10BE6000BFB286F00703C65D0BFA03F326EA0303AD
:10BE7000C35504F1010E1FFA8EF39B084A2B10D80C
:10BE8000A1EB0E039FB202EB9707664663F34206EF
:10BE9000BFB286F00703C65D0BFA03F326EA03037D
:10BEA000C355A31C9FB2BF084A2F0FD8CB1A9FB20D
:10BEB00002EB9707664663F34206BFB286F00703BC
:10BEC000C65D0BFA03F326EA0303C355E31C9FB2D6
:10BED000BF084A2FB4D8CB1A9FB202EB9707664629
:10BEE00063F34206BFB286F00703C65D0BFA03F3A5
:10BEF00026EA0303C355A3E701990024497840F2D9
:10BF00002B1B089104994FF0010C03EB010E0599CE
:10BF1000CDF82CE00D4605E0099C1D440134072CAA
:10BF200000F0CC80089A0994E240D207F4D0099A34
:10BF3000002602FB03120A9204E000BF179B0136A1
:10BF40009E42E9D00EEB0607BAB21309182BF5D8BA
:10BF500052084B214A43179907F0010804294FF072
:10BF6000000454D20C99DDF82CE000290599E5D0A5
:10BF70000A990C44A3B299084A290ED8ABEB0301E5
:10BF8000474602EB910361F3420787F00701C75C64
:10BF90000CFA01F127EA0101C1540C990129059914
:10BFA000CCD0611C8BB299084A290ED8ABEB0301A7
:10BFB000474602EB910361F3420787F00701C75C34
:10BFC0000CFA01F127EA0101C1540C9902290599E3
:10BFD000B4D0A11C8BB299084A290599AED8ABEB15
:10BFE000030102EB910261F3420888F00701835CD0
:10BFF0000CFA01F123EA0101815405999EE700BF83
:10C000003E5149453E0000000434A245AAD005EB4C
:10C01000040E1FFA8EF94FEA99034A2B0ED8ABEBA8
:10C020000903474602EB930163F3420787F00703D6
:10C03000475C0CFA03F327EA030343540EF10101B2
:10C040008BB299084A290ED8ABEB0301474602EBA5
:10C05000910361F3420787F00701C75C0CFA01F115
:10C0600027EA0101C1540EF102018BB299084A2955
:10C070000ED8ABEB0301474602EB910361F3420795
:10C0800087F00701C75C0CFA01F127EA0101C154EE
:10C090000EF103018BB299084A29B5D8ABEB030125
:10C0A000474602EB910361F3420787F00701C75C43
:10C0B0000CFA01F127EA0101C154A5E7019A002415
:10C0C000927840F22B1B0892049A4FF0010C02EB7D
:10C0D000430E0D46CDF82CE036E000BF0649492955
:10C0E0001E0000003C4A494930000000006060002A
:10C0F00000000000364949493600000000427F40F8
:10C10000000000000171090503000000080808088C
:10C110000800000063130864630000004261514995
:10C12000460000002141454B31000000003636003A
:10C13000000000003E41414122000000099C1D44D6
:10C140000134072C00F0D880089A0994E240D20705
:10C15000F4D0099A002602FB03120A9214E000BFF1
:10C1600027454545390000001814127F10000000D3
:10C1700001017F01010000007F0808087F00000026
:10C18000179B01369E42D9D00EEB0607BAB21309AF
:10C19000182BF5D852084B214A43179907F001088C
:10C1A00004294FF0000450D20C99DDF82CE000294E
:10C1B0000599E5D00A990C44A3B299084A290ED8EA
:10C1C000ABEB0301474602EB910361F3420787F0B3
:10C1D0000701C75C0CFA01F127EA0101C1540C996F
:10C1E00001290599CCD0611C8BB299084A290ED837
:10C1F000ABEB0301474602EB910361F3420787F083
:10C200000701C75C0CFA01F127EA0101C1540C993E
:10C2100002290599B4D0A11C8BB299084A29059925
:10C22000AED8ABEB030102EB910261F3420888F058
:10C230000701835C0CFA01F123EA0101815405999D
:10C240009EE700BF0434A245AED005EB040E1FFAF2
:10C250008EF94FEA99034A2B0ED8ABEB09034746F8
:10C2600002EB930163F3420787F00703475C0CFA84
:10C2700003F327EA030343540EF101018BB299083B
:10C280004A290ED8ABEB0301474602EB910361F359
:10C29000420787F00701C75C0CFA01F127EA0101A8
:10C2A000C1540EF102018BB299084A290ED8ABEBAA
:10C2B0000301474602EB910361F3420787F0070150
:10C2C000C75C0CFA01F127EA0101C1540EF1030128
:10C2D0008BB299084A29B5D8ABEB0301474602EB6C
:10C2E000910361F3420787F00701C75C0CFA01F183
:10C2F00027EA0101C154A5E70199049AC9780024ED
:10C30000089103EB430101EB020E059940F22B1B50
:10C310004FF0010C0D46CDF82CE005E0099C1D44C2
:10C320000134072C00F0C880089A0994E240D20733
:10C33000F4D0099A002602FB03120A9204E000BF1F
:10C34000179B01369E42E9D00EEB0607BAB21309DD
:10C35000182BF5D852084B214A43179907F00108CA
:10C3600004294FF0000450D20C99DDF82CE000298C
:10C370000599E5D00A990C44A3B299084A290ED828
:10C38000ABEB0301474602EB910361F3420787F0F1
:10C390000701C75C0CFA01F127EA0101C1540C99AD
:10C3A00001290599CCD0611C8BB299084A290ED875
:10C3B000ABEB0301474602EB910361F3420787F0C1
:10C3C0000701C75C0CFA01F127EA0101C1540C997D
:10C3D00002290599B4D0A11C8BB299084A29059964
:10C3E000AED8ABEB030102EB910261F3420888F097
:10C3F0000701835C0CFA01F123EA010181540599DC
:10C400009EE700BF0434A245AED005EB040E1FFA30
:10C410008EF94FEA99034A2B0ED8ABEB0903474636
:10C4200002EB930163F3420787F00703475C0CFAC2
:10C4300003F327EA030343540EF101018BB2990879
:10C440004A290ED8ABEB0301474602EB910361F397
:10C45000420787F00701C75C0CFA01F127EA0101E6
:10C46000C1540EF102018BB299084A290ED8ABEBE8
:10C470000301474602EB910361F3420787F007018E
:10C48000C75C0CFA01F127EA0101C1540EF1030166
:10C490008BB299084A29B5D8ABEB0301474602EBAA
:10C4A000910361F3420787F00701C75C0CFA01F1C1
:10C4B00027EA0101C154A5E7019A40F22B1B12792A
:10C4C0004FF0010C0892049A0D4602EB830E0022F5
:10C4D000CDF82CE006E000BF099A1D440132072A7E
:10C4E00000F0C4800899099221FA02F20599D20756
:10C4F000F2D0099A002602FB03110A9104E000BF62
:10C50000179B01369E42E7D00EEB0607BAB213091D
:10C51000182BF5D852084B214A43179907F0010808
:10C5200004294FF000044AD20C99DDF82CE00029D0
:10C53000E6D00A990C44A3B299084A290ED8ABEB6D
:10C540000301474602EB910361F3420787F00701BD
:10C55000C75C0CFA01F127EA0101C1540C990129C9
:10C56000CED0611C8BB299084A290ED8ABEB0301DF
:10C57000474602EB910361F3420787F00701C75C6E
:10C580000CFA01F127EA0101C1540C990229B7D034
:10C59000A11C8BB299084A29B2D8ABEB030102EB7C
:10C5A000910261F3420888F00701835C0CFA01F103
:10C5B00023EA01018154A3E70434A245B4D005EB7A
:10C5C000040E1FFA8EF94FEA99034A2B0ED8ABEBF3
:10C5D0000903474602EB930163F3420787F0070321
:10C5E000475C0CFA03F327EA030343540EF10101FD
:10C5F0008BB299084A290ED8ABEB0301474602EBF0
:10C60000910361F3420787F00701C75C0CFA01F15F
:10C6100027EA0101C1540EF102018BB299084A299F
:10C620000ED8ABEB0301474602EB910361F34207DF
:10C6300087F00701C75C0CFA01F127EA0101C15438
:10C640000EF103018BB299084A29B5D8ABEB03016F
:10C65000474602EB910361F3420787F00701C75C8D
:10C660000CFA01F127EA0101C154A5E70DB000F071
:10C6700000B830BCBDE8C08F0809182888BF7047D3
:10C6800090084A2823D880B540F22B10821A4FEA2E
:10C69000510E01F001014B2062F342011FFA82FCAE
:10C6A0000EFB00F081F00701012200EB9C00002B43
:10C6B00002FA01F1BDE8804040F2A02280B2C2F24D
:10C6C0000002135C0CBF23EA0101194311547047A7
:10C6D0001878002808BF70472DE9F04383B0DDE9E2
:10C6E0000A890D4609EB490114464F005E1E00BF42
:10C6F000A9B2C3B22246CDE90089FEF779FDB07830
:10C700003D44002806F10106F2D103B0BDE8F04334
:10C710007047000080B540F2A0200A460029C2F20E
:10C72000000043F6982118BFFF22F4F76FF880BD90
:10C730002DE9F04F81B004464069218B012201258B
:10C74000F5F7BCFAE068218A0122F5F7B7FA142060
:10C75000F5F7C4F9E068218A00224FF00008F5F7E8
:10C76000ADFA1420F5F7BAF9E068218A0122F5F74D
:10C77000A5FA7820F5F7B2F9D622606821898DF8FC
:10C7800003200022F5F79AFA6069218B0022F5F761
:10C7900095FA20680DF1030101224FF0FF33F7F7FE
:10C7A0004DF96069218B0122F5F788FA172260683C
:10C7B00021898DF803200122F5F780FA6069218B29
:10C7C0000022F5F77BFA20680DF1030101224FF0FA
:10C7D000FF33F7F733F96069218B0122F5F76EFA21
:10C7E0000222606821898DF803200122F5F766FA9C
:10C7F0006069218B0022F5F761FA20680DF10301D1
:10C8000001224FF0FF33F7F719F96069218B0122FC
:10C81000F5F754FAD122606821898DF803200022AF
:10C82000F5F74CFA6069218B0022F5F747FA20688A
:10C830000DF1030101224FF0FF33F7F7FFF86069B4
:10C84000218B0122F5F73AFA6068218901228DF8DF
:10C850000350F5F733FA6069218B0022F5F72EFAC1
:10C8600020680DF1030101224FF0FF33F7F7E6F8DE
:10C870006069218B0122F5F721FAC02260682189C5
:10C880008DF803200022F5F719FA6069218B002248
:10C89000F5F714FA20680DF1030101224FF0FF3380
:10C8A000F7F7CCF86069218B0122F5F707FA606889
:10C8B00021894FF0110901228DF80390F5F7FEF957
:10C8C0006069218B0022F5F7F9F920680DF1030169
:10C8D00001224FF0FF33F7F7B1F86069218B012295
:10C8E000F5F7ECF90422606821898DF80320012214
:10C8F000F5F7E4F96069218B0022F5F7DFF920688C
:10C900000DF1030101224FF0FF33F7F797F860694B
:10C91000218B0122F5F7D2F9C122606821898DF8B7
:10C9200003200022F5F7CAF96069218B0022F5F790
:10C93000C5F920680DF1030101224FF0FF33F7F72D
:10C940007DF86069218B0122F5F7B8F960682189CB
:10C95000412701228DF80370F5F7B0F96069218B4A
:10C960000022F5F7ABF920680DF1030101224FF029
:10C97000FF33F7F763F86069218B0122F5F79EF921
:10C980006068218901228DF80370F5F797F96069D5
:10C99000218B0022F5F792F920680DF103010122A5
:10C9A0004FF0FF33F7F74AF86069218B0122F5F762
:10C9B00085F96068218901228DF80370F5F77EF909
:10C9C0006069218B0022F5F779F920680DF10301E8
:10C9D00001224FF0FF33F7F731F86069218B012214
:10C9E000F5F76CF96068218901228DF80370F5F77D
:10C9F00065F96069218B0022F5F760F920680DF177
:10CA0000030101224FF0FF33F7F718F86069218B1B
:10CA10000122F5F753F9C222606821898DF80320BD
:10CA20000022F5F74BF96069218B0022F5F746F9F2
:10CA300020680DF1030101224FF0FF33F6F7FEFFEE
:10CA40006069218B0122F5F739F960682189192580
:10CA500001228DF80350F5F731F96069218B00222E
:10CA6000F5F72CF920680DF1030101224FF0FF3397
:10CA7000F6F7E4FF6069218B0122F5F71FF9606882
:10CA8000218901228DF80350F5F718F96069218B8F
:10CA90000022F5F713F920680DF1030101224FF090
:10CAA000FF33F6F7CBFF6069218B0122F5F706F91A
:10CAB0006068218901228DF80350F5F7FFF860695D
:10CAC000218B0022F5F7FAF820680DF1030101220D
:10CAD0004FF0FF33F6F7B2FF6069218B0122F5F7C3
:10CAE000EDF86068218901228DF80350F5F7E6F82A
:10CAF0006069218B0022F5F7E1F820680DF1030150
:10CB000001224FF0FF33F6F799FF6069218B012274
:10CB1000F5F7D4F8C422606821898DF8032000223B
:10CB2000F5F7CCF86069218B0022F5F7C7F820688B
:10CB30000DF1030101224FF0FF33F6F77FFF60692B
:10CB4000218B0122F5F7BAF86068218901228DF85E
:10CB50000370F5F7B3F86069218B0022F5F7AEF8A2
:10CB600020680DF1030101224FF0FF33F6F766FF55
:10CB70006069218B0122F5F7A1F860682189012203
:10CB80008DF80370F5F79AF86069218B0022F5F7AC
:10CB900095F820680DF1030101224FF0FF33F6F7FD
:10CBA0004DFF6069218B0122F5F788F860682189C3
:10CBB00001228DF80370F5F781F86069218B00225E
:10CBC000F5F77CF820680DF1030101224FF0FF33E7
:10CBD000F6F734FF6069218B0122F5F76FF8606882
:10CBE000218901228DF80370F5F768F86069218BBF
:10CBF0000022F5F763F820680DF1030101224FF0E0
:10CC0000FF33F6F71BFF6069218B0122F5F756F819
:10CC1000C522606821898DF803200022F5F74EF8BF
:10CC20006069218B0022F5F749F820680DF10301B6
:10CC300001224FF0FF33F6F701FF6069218B0122DB
:10CC4000F5F73CF86068218901228DF80350F5F76B
:10CC500035F86069218B0022F5F730F820680DF176
:10CC6000030101224FF0FF33F6F7E8FE6069218BE4
:10CC70000122F5F723F86068218901228DF803501D
:10CC8000F5F71CF86069218B0022F5F717F820688A
:10CC90000DF1030101224FF0FF33F6F7CFFE60697B
:10CCA000218B0122F5F70AF86068218901228DF8AD
:10CCB0000350F5F703F86069218B0022F4F7FEFFBB
:10CCC00020680DF1030101224FF0FF33F6F7B6FEA5
:10CCD0006069218B0122F4F7F1FF6068218901224C
:10CCE0008DF80350F4F7EAFF6069218B0022F4F716
:10CCF000E5FF20680DF1030101224FF0FF33F6F745
:10CD00009DFE6069218B0122F4F7D8FFD82260686C
:10CD100021898DF803200022F4F7D0FF6069218B70
:10CD20000022F4F7CBFF20680DF1030101224FF040
:10CD3000FF33F6F783FE6069218B0122F4F7BEFF13
:10CD4000A622606821898DF803200122F4F7B6FF3E
:10CD50006069218B0022F4F7B1FF20680DF1030117
:10CD600001224FF0FF33F6F769FE6069218B012243
:10CD7000F4F7A4FFE922606821898DF803200122DD
:10CD8000F4F79CFF6069218B0022F4F797FF20687D
:10CD90000DF1030101224FF0FF33F6F74FFE6069FA
:10CDA000218B0122F4F78AFFB222606821898DF875
:10CDB00003200022F4F782FF6069218B0022F4F740
:10CDC0007DFF20680DF1030101224FF0FF33F6F7DC
:10CDD00035FE6069218B0122F4F770FF60682189BC
:10CDE0004FF0050A01228DF803A0F4F767FF606990
:10CDF000218B0022F4F762FF20680DF1030101226C
:10CE00004FF0FF33F6F71AFE6069218B0122F4F729
:10CE100055FFB322606821898DF803200022F4F7C2
:10CE20004DFF6069218B0022F4F748FF20680DF167
:10CE3000030101224FF0FF33F6F700FE6069218BFA
:10CE40000122F4F73BFFE522606821898DF8032079
:10CE50000122F4F733FF6069218B0022F4F72EFFE3
:10CE600020680DF1030101224FF0FF33F6F7E6FDD4
:10CE70006069218B0122F4F721FFF6226068218985
:10CE80008DF803200122F4F719FF6069218B00223D
:10CE9000F4F714FF20680DF1030101224FF0FF3376
:10CEA000F6F7CCFD6069218B0122F4F707FF60687B
:10CEB000218901228DF803A0F4F700FF6069218B1E
:10CEC0000022F4F7FBFE20680DF1030101224FF070
:10CED000FF33F6F7B3FD6069218B0122F4F7EEFE14
:10CEE000606821894FF0460B01228DF803B0F4F7FA
:10CEF000E5FE6069218B0022F4F7E0FE20680DF169
:10CF0000030101224FF0FF33F6F798FD6069218B92
:10CF10000122F4F7D3FE60682189772501228DF87C
:10CF20000350F4F7CBFE6069218B0022F4F7C6FEB4
:10CF300020680DF1030101224FF0FF33F6F77EFD6B
:10CF40006069218B0122F4F7B9FE60682189012212
:10CF50008DF80350F4F7B2FE6069218B0022F4F7DC
:10CF6000ADFE20680DF1030101224FF0FF33F6F70B
:10CF700065FD6069218B0122F4F7A0FE60682189BC
:10CF800001228DF80350F4F799FE6069218B00228D
:10CF9000F4F794FE20680DF1030101224FF0FF33F6
:10CFA000F6F74CFD6069218B0122F4F787FE60687B
:10CFB000218901228DF80350F4F780FE6069218BEE
:10CFC0000022F4F77BFE20680DF1030101224FF0EF
:10CFD000FF33F6F733FD6069218B0122F4F76EFE13
:10CFE00060682189762701228DF80370F4F766FEC8
:10CFF0006069218B0022F4F761FE20680DF10301C6
:10D0000001224FF0FF33F6F719FD6069218B0122F1
:10D01000F4F754FE60682189452601228DF80360EB
:10D02000F4F74CFE6069218B0022F4F747FE20687C
:10D030000DF1030101224FF0FF33F6F7FFFC6069A9
:10D04000218B0122F4F73AFEB422606821898DF821
:10D0500003200022F4F732FE6069218B0022F4F7EE
:10D060002DFE20680DF1030101224FF0FF33F6F78A
:10D07000E5FC6069218B0122F4F720FE60682189BC
:10D0800001228DF803A0F4F719FE6069218B0022BC
:10D09000F4F714FE20680DF1030101224FF0FF3375
:10D0A000F6F7CCFC6069218B0122F4F707FE60687B
:10D0B000218901228DF803B0F4F700FE6069218B0D
:10D0C0000022F4F7FBFD20680DF1030101224FF06F
:10D0D000FF33F6F7B3FC6069218B0122F4F7EEFD14
:10D0E0006068218901228DF80350F4F7E7FD60693B
:10D0F000218B0022F4F7E2FD20680DF103010122EB
:10D100004FF0FF33F6F79AFC6069218B0122F4F7A8
:10D11000D5FD6068218901228DF80350F4F7CEFD1A
:10D120006069218B0022F4F7C9FD20680DF103012D
:10D1300001224FF0FF33F6F781FC6069218B012259
:10D14000F4F7BCFD6068218901228DF80350F4F7E3
:10D15000B5FD6069218B0022F4F7B0FD20680DF168
:10D16000030101224FF0FF33F6F768FC6069218B61
:10D170000122F4F7A3FD6068218901228DF8035094
:10D18000F4F79CFD6069218B0022F4F797FD20687D
:10D190000DF1030101224FF0FF33F6F74FFC6069F8
:10D1A000218B0122F4F78AFD6068218901228DF824
:10D1B0000370F4F783FD6069218B0022F4F77EFD94
:10D1C00020680DF1030101224FF0FF33F6F736FC22
:10D1D0006069218B0122F4F771FD606821890122C9
:10D1E0008DF80360F4F76AFD6069218B0022F4F783
:10D1F00065FD20680DF1030101224FF0FF33F6F7C2
:10D200001DFC6069218B0122F4F758FD62226068E1
:10D2100021898DF803200022F4F750FD6069218BED
:10D220000022F4F74BFD20680DF1030101224FF0BD
:10D23000FF33F6F703FC6069218B0122F4F73EFD12
:10D240003222606821898DF803200122F4F736FD2F
:10D250006069218B0022F4F731FD20680DF1030194
:10D2600001224FF0FF33F6F7E9FB6069218B0122C1
:10D27000F4F724FD0322606821898DF80320012240
:10D28000F4F71CFD6069218B0022F4F717FD20687C
:10D290000DF1030101224FF0FF33F6F7CFFB606978
:10D2A000218B0122F4F70AFD1F22606821898DF885
:10D2B00003200122F4F702FD6069218B0022F4F7BC
:10D2C000FDFC20680DF1030101224FF0FF33F6F75A
:10D2D000B5FB6069218B0122F4F7F0FCB72260688E
:10D2E00021898DF803200022F4F7E8FC6069218B86
:10D2F0000022F4F7E3FC20680DF1030101224FF056
:10D30000FF33F6F79BFB6069218B0122F4F7D6FC13
:10D310001322606821898DF803200122F4F7CEFCE6
:10D320006069218B0022F4F7C9FC20680DF103012C
:10D3300001224FF0FF33F6F781FB6069218B012258
:10D34000F4F7BCFCB022606821898DF8032000222C
:10D35000F4F7B4FC6069218B0022F4F7AFFC20687D
:10D360000DF1030101224FF0FF33F6F767FB60690F
:10D37000218B0122F4F7A2FC6422606821898DF8D8
:10D3800003200122F4F79AFC6069218B0022F4F754
:10D3900095FC20680DF1030101224FF0FF33F6F7F1
:10D3A0004DFB6069218B0122F4F788FC60682189BC
:10D3B00000228DF80390F4F781FC6069218B002234
:10D3C000F4F77CFC20680DF1030101224FF0FF33DC
:10D3D000F6F734FB6069218B0122F4F76FFCFF2024
:10D3E000FF27F4F77BFBC922606821898DF80320B1
:10D3F0000022F4F763FC6069218B0022F4F75EFCE5
:10D4000020680DF1030101224FF0FF33F6F716FB00
:10D410006069218B0122F4F751FC606821890122A7
:10D420008DF80380F4F74AFC6069218B0022F4F741
:10D4300045FC20680DF1030101224FF0FF33F6F7A0
:10D44000FDFA6069218B0122F4F738FC362260680E
:10D4500021898DF803200022F4F730FC6069218BCC
:10D460000022F4F72BFC20680DF1030101224FF09C
:10D47000FF33F6F7E3FA6069218B0122F4F71EFC13
:10D480004822606821898DF803200122F4F716FCF8
:10D490006069218B0022F4F711FC20680DF1030173
:10D4A00001224FF0FF33F6F7C9FA6069218B0122A0
:10D4B000F4F704FC3A22606821898DF803200022E9
:10D4C000F4F7FCFB6069218B0022F4F7F7FB20687E
:10D4D0000DF1030101224FF0FF33F6F7AFFA606957
:10D4E000218B0122F4F7EAFB6068218901228DF883
:10D4F0000390F4F7E3FB6069218B0022F4F7DEFB75
:10D5000020680DF1030101224FF0FF33F6F796FA80
:10D510006069218B0122F4F7D1FBB922606821896F
:10D520008DF803200022F4F7C9FB6069218B0022EB
:10D53000F4F7C4FB20680DF1030101224FF0FF3323
:10D54000F6F77CFA6069218B0122F4F7B7FB60687B
:10D550002189202501228DF80350F4F7AFFB606983
:10D56000218B0022F4F7AAFB20680DF103010122B0
:10D570004FF0FF33F6F762FA6069218B0122F4F76E
:10D580009DFBB822606821898DF803200022F4F702
:10D5900095FB6069218B0022F4F790FB20680DF168
:10D5A000030101224FF0FF33F6F748FA6069218B3F
:10D5B0000122F4F783FB60682189292601228DF876
:10D5C0000360F4F77BFB6069218B0022F4F776FBA4
:10D5D00020680DF1030101224FF0FF33F6F72EFA18
:10D5E0006069218B0122F4F769FB606821890022C0
:10D5F0008DF80350F4F762FB6069218B0022F4F789
:10D600005DFB20680DF1030101224FF0FF33F6F7B7
:10D6100015FA6069218B0122F4F750FB2A22606819
:10D6200021898DF803200022F4F748FB6069218BE3
:10D630000022F4F743FB20680DF1030101224FF0B3
:10D64000FF33F6F7FBF96069218B0122F4F736FB13
:10D650001222606821898DF803200122F4F72EFB45
:10D660006069218B0022F4F729FB20680DF103018A
:10D6700001224FF0FF33F6F7E1F96069218B0122B7
:10D68000F4F71CFB606821892B2501228DF80350DB
:10D69000F4F714FB6069218B0022F4F70FFB20687C
:10D6A0000DF1030101224FF0FF33F6F7C7F960696E
:10D6B000218B0122F4F702FB6068218900228DF89A
:10D6C0000350F4F7FBFA6069218B0022F4F7F6FAB5
:10D6D00020680DF1030101224FF0FF33F6F7AEF998
:10D6E0006069218B0122F4F7E9FA6068218901223F
:10D6F0008DF80380F4F7E2FA6069218B0022F4F7D9
:10D70000DDFA20680DF1030101224FF0FF33F6F737
:10D7100095F96069218B0122F4F7D0FAC72260687D
:10D7200021898DF803200122F4F7C8FA6069218B62
:10D730000022F4F7C3FA20680DF1030101224FF033
:10D74000FF33F6F77BF96069218B0122F4F7B6FA13
:10D750003522606821898DF803200022F4F7AEFAA3
:10D760006069218B0022F4F7A9FA20680DF103010A
:10D7700001224FF0FF33F6F761F96069218B012236
:10D78000F4F79CFA6068218901228DF80380F4F790
:10D7900095FA6069218B0022F4F790FA20680DF168
:10D7A000030101224FF0FF33F6F748F96069218B3E
:10D7B0000122F4F783FAD022606821898DF80320D2
:10D7C0000022F4F77BFA6069218B0022F4F776FAE5
:10D7D00020680DF1030101224FF0FF33F6F72EF917
:10D7E0006069218B0122F4F769FA606821890122BE
:10D7F0008DF80370F4F762FA6069218B0022F4F768
:10D800005DFA20680DF1030101224FF0FF33F6F7B6
:10D8100015F96069218B0122F4F750FA392260680A
:10D8200021898DF803200022F4F748FA6069218BE2
:10D830000022F4F743FA20680DF1030101224FF0B2
:10D84000FF33F6F7FBF86069218B0122F4F736FA13
:10D850006068218900228DF80360F4F72FFA60696F
:10D86000218B0022F4F72AFA20680DF1030101222E
:10D870004FF0FF33F6F7E2F86069218B0122F4F7ED
:10D880001DFA40F2A020C2F2000043F69821F2F700
:10D89000C5FF204600F020F83822606821898DF805
:10D8A00003200022F4F70AFA6069218B0022F4F7C2
:10D8B00005FA20680DF1030101224FF0FF33F6F75E
:10D8C000BDF86069218B0122F4F7F8F901B000F08E
:10D8D00000B830BCBDE8C08F70B582B00446406867
:10D8E00021892A2600228DF801600025F4F7E6F947
:10D8F0006069218B0022F4F7E1F920680DF1010144
:10D9000001224FF0FF33F6F799F86069218B01226D
:10D91000F4F7D4F91222606821898DF802200122DF
:10D92000F4F7CCF96069218B0022F4F7C7F920687D
:10D930000DF1020101224FF0FF33F6F77FF8606925
:10D94000218B0122F4F7BAF96068218901228DF850
:10D950000360F4F7B3F96069218B0022F4F7AEF9A4
:10D9600020680DF1030101224FF0FF33F6F766F84E
:10D970006069218B0122F4F7A1F92B2260682189CB
:10D980008DF804200022F4F799F96069218B0022B8
:10D99000F4F794F9206801A901224FF0FF33F6F75C
:10D9A0004DF86069218B0122F4F788F960682189BC
:10D9B00001228DF80550F4F781F96069218B00226E
:10D9C000F4F77CF920680DF1050101224FF0FF33D7
:10D9D000F6F734F86069218B0122F4F76FF9C7225A
:10D9E000606821898DF806200122F4F767F96069E3
:10D9F000218B0022F4F762F920680DF10601012263
:10DA00004FF0FF33F6F71AF86069218B0122F4F723
:10DA100055F92C22606821898DF807200022F4F73F
:10DA20004DF96069218B0022F4F748F920680DF167
:10DA3000070101224FF0FF33F6F700F86069218BF0
:10DA40000122F4F73BF9606821890122F4F736F9E5
:10DA50006069218B0022F4F731F9206840F2A0219F
:10DA6000C2F2000143F698224FF0FF33F5F7E6FFCC
:10DA70006069218B0122F4F721F902B070BD00002A
:10DA800010EE100A10B50023A0F50001B1F1FE4F11
:10DA900067D200BF00F500216FF07E0202EBE15C6F
:10DAA000C1F302524FF07E5101EB025100EE901A89
:10DAB000A0EBCC5003EB0C0100EE100A51EA02007F
:10DAC00036D030EE601A70EE200A9FED3D2A3E48B7
:10DAD00081EE200A9FED3B1A60EE000A00EE821AEA
:10DAE00060EE201A61EE810A784401EE101A00EB14
:10DAF00082009FED362AB8EEC11AD0ED001A3448E4
:10DB000041EE021A784401EE101A00EB8200B8EEE2
:10DB1000C11A90ED002ADFED2F2A01EE222AB0EE85
:10DB2000001A72EE200A40EE010A31EEA00A10BD82
:10DB3000F7EE000A9FED291A30EE600ADFED260AA3
:10DB400000EE201ADFED260A60EE001A40EE010A10
:10DB50009FED241A00EE201A61EE810A30EE200AB1
:10DB600010BD4FF07F41B1EB400F03D2BDE8104034
:10DB700000F046B8B0F1FF4F08BF10BDB5EEC00AC7
:10DB8000F1EE10FA06D20120F2F777FEBDE8104060
:10DB900000F03AB8B5EEC00AF1EE10FA07D1022053
:10DBA000F2F76BFE00F022F8B1EE400A10BDDFED97
:10DBB0000E0A6FF0160320EE200A10EE100A69E735
:10DBC00066F1CC3EAAAA2A3F940100000070313FC2
:10DBD00098010000F4FD053821ED423E0A1180BE97
:10DBE000C1ABAA3EFFFFFFBE0000004BDFED030A02
:10DBF000B7EE001A81EE200A704700000000000016
:10DC000030EE000A70470000DFED020A80EEA00A45
:10DC1000704700000000000030380A2801D20120BF
:10DC2000704700207047000010B500290AD008781E
:10DC3000002807D005487844F3F70AF9002801D0F6
:10DC4000002010BD0248784410BD000066030000AB
:10DC50005E030000F1EE100A4FF6FF71C0F2C03112
:10DC600020EA010040F04070E1EE100A7047040025
:10DC70000008000000000000000200010000100089
:10DC8000000000000030F13D0070643E0000A33E43
:10DC90000090CF3E0090F83E00400F3F00E0203F54
:10DCA0000000000015B78337CDE37B380EE1C5389F
:10DCB00060F69138AF5F0F38E1BC3E3823F4473946
:10DCC000000000000000000001020304060708092C
:10DCD0000000000001020304D84B0000E04A0000ED
:10DCE00070A50000D554000060D2000050D900009B
:10DCF00054650100A0560000D09A0000D2550000E3
:10DD0000E04A0000B6A50000D0A4000050D20000F8
:10DD100055D2010040B50000A0D60000A2AD000021
:10DD2000B09500007749010070490000B0A40000E0
:10DD3000B5B40000506A0000406D000054AB010013
:10DD4000602B000070950000F25200007049000046
:10DD500066650000A0D4000050EA0000956E000047
:10DD6000D05A0000602B0000E3860100E092000022
:10DD7000D7C8010050C90000A0D40000A6D80100F7
:10DD800050B50000A0560000B4A50100D025000049
:10DD9000D0920000B2D2000050A9000057B5000098
:10DDA000A06C000050B5000055530100A04D0000CC
:10DDB000B0A5000073450100B0520000A8A9000002
:10DDC00050E90000A06A0000A6AE000050AB0000C1
:10DDD000604B0000E4AA000070A500006052000043
:10DDE00063F2000050D90000575B0000A05600000D
:10DDF000D0960000D54D0000D04A0000D0A400000D
:10DE0000D4D4000050D2000058D5000040B5000026
:10DE1000A0B60000A6950100B0950000B049000032
:10DE200074A90000B0A400007AB20000506A00009B
:10DE3000406D000046AF000060AB00007095000030
:10DE4000F54A000070490000B0640000A3740000AF
:10DE500050EA0000586B0000C055000060AB0000A5
:10DE6000D5960000E092000060C9000054D900007F
:10DE7000A0D4000050DA000052750000A056000047
:10DE8000B7AB0000D0250000D0920000B5CA00005A
:10DE900050A90000A0B40000A4BA000050AD0000DA
:10DEA000D9550000A04B0000B0A50000765101003C
:10DEB000B052000030A9000054790000A06A0000B0
:10DEC00050AD0000525B0000604B0000E6A6000071
:10DED000E0A4000060D2000065EA000030D5000038
:10DEE000A05A0000A3760000D0960000FB4A000074
:10DEF000D04A0000D0A40000B6D0010050D20000EB
:10DF000020D5000045DD0000A0B50000D05600007F
:10DF1000B2550000B049000077A50000B0A4000091
:10DF200050AA000055B20100206D0000A0AD000015
:10DF3000A0860100400D0300801A060000350C0089
:10DF400040420F0080841E0000093D0000127A004C
:10DF50000024F40000366E010048E801006CDC0289
:10DF600000000000040000000200000008000000A3
:10DF700000000000002A002D00000000B0E00008B2
:10DF80000000002018000000F0010008C8E00008B0
:10DF900018000020284300001002000810010000B3
:10DFA00043000000F8FFFFFF004040404040404079
:10DFB000404041414141414040404040404040405C
:10DFC0004040404040404040400502020202020200
:10DFD000020202020202020202202020202020204F
:10DFE0002020200202020202020290909090909063
:10DFF0001010101010101010101010101010101021
:10E000001010101002020202020288888888888894
:10E010000808080808080808080808080808080880
:10E020000808080802020202400000000000000088
:10E0300000000000000000000000000000000000E0
:10E0400000000000000000000000000000000000D0
:10E0500000000000000000000000000000000000C0
:10E0600000000000000000000000000000000000B0
:10E0700000000000000000000000000000000000A0
:10E080000000000000000000000000000000000090
:10E090000000000000000000000000000000000080
:10E0A0000000000000000000000000000000000070
:10E0B000FF323032362D30312D303100010000007A
:08E0C0001000000000093D0002
:040000050800018D61
:00000001FF
